Strike,Type,OI,Volume,GEX,Vanna,DEX,Charm,IV
7520.0,Call,95.0,1314.0,-10465791.958217716,-6417.051838258065,-6860613.523937791,-4248661.587930689,0.1775550078930779
7510.0,Put,142.0,65.0,-17453711.10381171,-8873.6358564138,40391632.89330044,-5931942.027046239,0.1790648277998007
7215.0,Put,169.0,334.0,-2293295.288776099,3056.2017662059247,1741864.4154091552,3803610.1351009007,0.333704063183865
7345.0,Put,124.0,707.0,-6833282.578877918,5864.49880997451,5007633.424152917,5257326.6065309625,0.24038701022556
7315.0,Call,3.0,8.0,-115222.94878725221,116.01134315419901,-1036268.0405297169,112307.46750534952,0.259226364566144
7780.0,Call,645.0,0.0,-1390382.082241952,-2710.284552723971,-689134.9101723988,-2932446.3876917074,0.290101149140869
7370.0,Put,131.0,852.0,-9731887.963033548,6890.26802200416,7506288.45476354,5838086.077387774,0.227211935356277
7360.0,Call,19.0,46.0,-1254807.0357894483,967.3485676743389,-6140876.162566596,838712.178729315,0.232227915668292
7360.0,Put,59.0,991.0,-3896506.0585041,3003.871868041307,2933474.246168748,2601407.9861171544,0.232227915668298
7115.0,Call,1.0,1.0,-5135.411646148835,8.205941557107097,-368902.5255803627,12136.608174132396,0.394890869019591
7135.0,Call,1.0,2.0,-6406.641533009709,9.841730297231246,-367863.11480672535,14232.027537089922,0.386344853636985
7565.0,Call,177.0,608.0,-9119559.0272034,-9691.411682044372,-4365507.0967531465,-6422863.2144372165,0.1777061025910375
7585.0,Put,8.0,4.0,-276547.99765336834,-337.9173531243165,2859114.7912654593,-231729.2700158782,0.1835506927605961
7755.0,Call,31.0,3.0,-96969.66244302562,-180.44116185874336,-48319.467847124215,-188877.2528334323,0.280659365669349
7705.0,Put,0.0,0.0,-0.0,-0.0,0.0,-0.0,0.251568814898366
7105.0,Put,45.0,116.0,-206776.83294085105,336.6724904348894,161250.23313925066,501116.5019744412,0.399089676204763
7645.0,Call,139.0,28.0,-1670683.3977802503,-2584.239956335851,-733207.3828665119,-2056999.3646920873,0.2134237778385665
7585.0,Call,28.0,491.0,-967917.991787249,-1182.7107359353922,-434967.73951125506,-809622.0519725428,0.1835506927606393
7095.0,Put,16.0,132.0,-66063.42316475246,109.42958997286595,51403.05820938716,164738.24846256076,0.403644010458929
7790.0,Put,2.0,0.0,-3921.982322885396,-7.719585980232085,743879.6466168846,-8626.832563949096,0.296085509587548
7810.0,Put,1.0,0.0,-1654.2936676406446,-3.3101165411825506,372070.6137832267,-3859.727645321982,0.308503783141047
7710.0,Put,2.0,0.0,-10587.882926714543,-18.440770556748127,740792.1502562491,-17634.38549015586,0.254914855362628
7775.0,Call,209.0,978.0,-487224.1935540199,-940.708247532235,-242005.3909781697,-1011907.6535877396,0.288416720467234
7760.0,Put,0.0,0.0,-0.0,-0.0,0.0,-0.0,0.282886397954452
7575.0,Put,121.0,0.0,-5128013.226427895,-5861.042104727248,42746607.21575957,-3956916.5092174713,0.1807420275757245
7800.0,Put,1.0,0.0,-1800.1054916128546,-3.5727241454552394,372007.8279238697,-4079.646268057603,0.302332087748158
7150.0,Put,186.0,338.0,-1389099.1584998844,2074.797585453031,1098688.0383495137,2929439.0782365547,0.378574472805288
7150.0,Call,0.0,1.0,-0.0,0.0,-0.0,0.0,0.378574472805342
7225.0,Call,0.0,1.0,-0.0,0.0,-0.0,0.0,0.326289174208217
7250.0,Call,0.0,4.0,-0.0,0.0,-0.0,0.0,0.307908477623442
7720.0,Put,1.0,0.0,-4750.069667451629,-8.386158176126147,370623.6228498099,-8225.532745159924,0.26135593439956
7340.0,Call,5.0,23.0,-259204.96487692354,229.61213980344138,-1676057.245795657,208481.8773517833,0.243172913034239
7140.0,Put,100.0,108.0,-675256.8060604824,1027.396381730119,534002.4588515579,1471098.6079955203,0.383924321090279
7760.0,Call,249.0,0.0,-727756.262971242,-1365.835812478578,-362957.0197870521,-1441037.5577619625,0.282886397954261
7660.0,Call,179.0,23.0,-1750263.077062658,-2797.340434866393,-782660.6458270092,-2327020.3590012575,0.2230463631323221
7655.0,Put,2.0,0.0,-20943.261979247593,-33.11586369747464,736537.6849320307,-27261.038832991722,0.2198954521013268
7425.0,Put,446.0,1642.0,-55887043.31915372,16615.372636234566,55213380.37883077,12783155.724394424,0.2063978440332527
7705.0,Call,57.0,0.0,-318244.58944136737,-550.6137316459674,-150763.2437740493,-516614.03807489586,0.251568814898478
7600.0,Call,650.0,717.0,-16465156.463551894,-21947.545560723836,-7124506.568735042,-15400822.436460158,0.1881506627651116
7695.0,Put,1.0,0.0,-6201.300300985284,-10.590016673536597,370037.17304375255,-9713.669867289678,0.24464407782204
7560.0,Put,76.0,10.0,-4324671.656468468,-4400.89052358432,26222415.96572805,-2906669.081876071,0.1768635193829023
7220.0,Put,89.0,319.0,-1266454.3514525713,1670.9130576908256,958462.9031702521,2056856.4627920073,0.330063979632061
7595.0,Call,67.0,265.0,-1873442.7639214806,-2434.981249249946,-816962.6126117993,-1690597.4114811767,0.1861631007135007
7145.0,Call,0.0,1.0,-0.0,0.0,-0.0,0.0,0.381337879618409
7090.0,Call,0.0,0.0,-0.0,0.0,-0.0,0.0,0.406047356816089
7130.0,Call,3.0,2.0,-18210.849253019493,28.250133291258972,-1104410.7415633644,41098.62849699217,0.388620283140099
7330.0,Put,76.0,966.0,-3490264.3151695956,3270.6245148152425,2515325.396259525,3041022.910614084,0.249320785803926
7315.0,Put,91.0,824.0,-3495096.1132132164,3519.0107423440304,2502612.0079866736,3402011.0701410673,0.259226364566137
7305.0,Call,0.0,1.0,-0.0,0.0,-0.0,0.0,0.266363376106891
7285.0,Call,0.0,1.0,-0.0,0.0,-0.0,0.0,0.280692895915063
7515.0,Call,92.0,832.0,-10747004.86759389,-6038.228524756052,-7354277.393556223,-4005469.9868803015,0.1778989691821822
7105.0,Call,0.0,2.0,-0.0,0.0,-0.0,0.0,0.399089676204831
7745.0,Call,7.0,3.0,-24886.132494459704,-45.56713262657412,-12345.411855065793,-46862.936482139216,0.275748873656618
7595.0,Put,13.0,2.0,-363503.81986550416,-472.45904836203846,4689495.709645964,-328690.4744962928,0.1861631007135309
7545.0,Put,138.0,181.0,-10424059.20704377,-9087.9464604925,45867397.5523867,-5968368.948776644,0.1758946924856631
7665.0,Put,1.0,0.0,-9111.803228453564,-14.724634959082698,368830.534264477,-12463.582769920144,0.226023984382384
7540.0,Call,129.0,806.0,-10620119.641268034,-8725.459698727678,-5901883.916914983,-5721389.237503894,0.1758307465364883
7325.0,Put,1339.0,3678.0,-57955855.49884675,55655.78412836233,41702993.65985666,52466657.12117985,0.252778801629571
7415.0,Call,66.0,234.0,-7697521.6316039255,2920.2122870740086,-17460257.181137804,2282165.0827740394,0.2093136303026351
7235.0,Put,50.0,318.0,-821978.5481878042,1050.7923852126046,615155.9557393292,1250089.2120290273,0.318987483460677
7215.0,Call,0.0,4.0,-0.0,0.0,-0.0,0.0,0.333704063183894
7165.0,Call,0.0,1.0,-0.0,0.0,-0.0,0.0,0.369330973621672
7145.0,Put,69.0,87.0,-490363.8416029314,739.1231631042206,387958.8827215503,1051198.0020677536,0.381337879618309
7505.0,Put,35.0,42.0,-4495028.76626268,-2045.9132996196527,9641185.153879222,-1378073.6447525374,0.180421821347301
7445.0,Put,67.0,405.0,-9366920.958943537,1189.6366325354504,10596220.309611525,884255.1269362652,0.1996162353054863
7435.0,Call,24.0,361.0,-3206239.8106512986,686.6725066329867,-5584260.175757955,519163.33637245954,0.2024110626061833
7540.0,Put,74.0,100.0,-6092161.654680927,-5005.302462835975,24210792.595928233,-3285817.5615953603,0.1758307465364915
7530.0,Call,152.0,1144.0,-14644099.822441902,-10525.015215548743,-8788426.707598494,-6917552.477599949,0.1762485623673825
7175.0,Call,0.0,2.0,-0.0,0.0,-0.0,0.0,0.362482412751916
7160.0,Call,0.0,1.0,-0.0,0.0,-0.0,0.0,0.372559039015191
7425.0,Call,54.0,357.0,-6766592.688866178,2011.7267317414282,-13452863.07819656,1550494.9585446406,0.2063978440332514
7405.0,Call,8.0,29.0,-857478.4183691171,392.99435019043483,-2227841.8625658737,312040.5744899698,0.2126767818679254
7735.0,Call,31.0,0.0,-124266.5539745106,-224.11990905546224,-61178.83665148288,-225952.91360953046,0.270317332686076
7600.0,Put,503.0,8.0,-12741498.001799779,-16984.023718533477,182067455.2436152,-11943563.198561165,0.1881506627651402
7450.0,Put,987.0,1990.0,-140562781.18202636,11619.988927407994,165268193.2189918,8556457.38968764,0.1979502865251297
7400.0,Put,523.0,3759.0,-53434795.63086966,26445.70770353559,46188175.06483367,21220499.9199676,0.2152039139461282
7625.0,Call,679.0,118.0,-11481870.351385303,-16642.18962430252,-5049157.878481982,-12629741.329403115,0.2034829618422576
7475.0,Put,238.0,483.0,-34930531.639628105,-5246.331364151486,51555575.05851659,-3718453.134669749,0.1896711328244248
7200.0,Put,216.0,831.0,-2532728.2744141826,3480.396860985781,1937764.3487208153,4463087.031240829,0.343837067555235
7670.0,Call,165.0,10.0,-1397482.9495524536,-2284.356690477839,-629848.258506948,-1949398.6453408555,0.228810653294253
7780.0,Put,1.0,0.0,-2155.631135246739,-4.201991554590733,371855.48481625685,-4597.513975288489,0.290101149140625
7475.0,Call,90.0,1685.0,-13209024.56960767,-1983.9068183767342,-14067346.298624244,-1401540.0479473688,0.1896711328244187
7525.0,Put,69.0,64.0,-7129359.527288775,-4740.185107265337,21253103.154351488,-3134627.0330331204,0.1771361896314291
7650.0,Put,147.0,2.0,-1646786.845171487,-2576.5509130170894,54092731.2226019,-2089075.168911871,0.2166169476868808
7140.0,Call,1.0,0.0,-6752.568060595927,10.2739638172913,-367583.88644506555,14762.071547200741,0.383924321090144
7410.0,Put,172.0,1109.0,-19253396.6746419,8068.324758462861,17415216.62798168,6348289.464666393,0.2110361242230666
7750.0,Put,1.0,0.0,-3338.64809884151,-6.161757774568923,371263.28602164885,-6446.127514228609,0.278275203022663
7160.0,Put,284.0,461.0,-2333429.4656384117,3424.7205158906054,1840741.793886789,4758575.345366459,0.372559039015134
7240.0,Put,41.0,437.0,-708618.8595102994,895.41498064869,528786.9715958885,1053321.23397578,0.315418110556214
7575.0,Call,161.0,880.0,-6823224.21036997,-7798.576684801908,-3163032.637252761,-5256763.322282064,0.1807420275757079
7750.0,Call,452.0,1131.0,-1509068.940672727,-2785.1145140995786,-750602.5053863161,-2890559.005220638,0.278275203022549
7125.0,Call,0.0,1.0,-0.0,0.0,-0.0,0.0,0.39077774820066
7100.0,Call,1.0,1.0,-4353.337873625973,7.1506598161834205,-369533.6544065439,10753.949660603634,0.401322047355921
7830.0,Put,0.0,0.0,-0.0,-0.0,0.0,-0.0,0.320690413858979
7650.0,Call,317.0,145.0,-3551234.2171341307,-5556.235642351451,-1567928.7937969314,-4488818.345953551,0.2166169476868131
7820.0,Put,0.0,0.0,-0.0,-0.0,0.0,-0.0,0.314616798689464
7675.0,Put,9.0,5.0,-70632.20936231894,-116.84611277181354,3324425.4376834463,-101294.34479972674,0.231384518494114
7270.0,Call,2.0,3.0,-46954.844108733654,54.97556295652804,-711465.6567577826,60233.16323261111,0.293280358528452
7120.0,Put,169.0,74.0,-918129.6319539766,1452.7622730666244,720748.4623060375,2128550.250590467,0.392852730434809
7280.0,Put,118.0,785.0,-3066162.7924283696,3496.3827770767293,2222279.52688549,3716839.194275999,0.285043174453405
7220.0,Call,0.0,3.0,-0.0,0.0,-0.0,0.0,0.330063979631989
7320.0,Put,68.0,1784.0,-2773390.1758546657,2727.4998638658326,1991686.7982715892,2605078.917274611,0.256107269496173
7525.0,Call,497.0,1863.0,-51352053.4067034,-34143.07243928932,-32259237.87480354,-22553011.036065973,0.1771361896314229
7520.0,Put,146.0,41.0,-16084269.746313507,-9861.995456691233,43903211.27937576,-6536980.497566769,0.1775550078930795
7625.0,Put,67.0,1.0,-1132968.0611820535,-1642.1600954757978,24487678.80234474,-1249656.406821897,0.2034829618422412
7640.0,Put,257.0,4.0,-3336170.449492785,-5092.0341936896375,94382235.34318584,-4011317.949782312,0.2105300029813967
7250.0,Put,277.0,1847.0,-5285922.873222824,6526.050610180728,3914987.730159924,7494121.473597746,0.307908477623475
7170.0,Call,1.0,1.0,-9003.793393145528,12.994488946507927,-365857.1848534154,17787.258442171355,0.365969331104663
7680.0,Call,697.0,53.0,-5074707.024203456,-8491.962593332815,-2295850.0509203207,-7410318.440509433,0.233973950271361
7340.0,Put,145.0,994.0,-7516943.981430933,6658.752054299711,5468306.971794103,6038567.050448428,0.243172913034247
7690.0,Put,13.0,0.0,-84918.48656843835,-144.0846021207657,4808858.688018066,-130210.41571313069,0.241071413645361
7450.0,Call,179.0,1556.0,-25492135.59430778,2107.3738784253983,-36780729.02516149,1560923.298391198,0.1979502865251372
7690.0,Call,90.0,0.0,-587897.2147028587,-997.5087839106853,-271053.3836644418,-896859.0321113712,0.241071413645215
7375.0,Call,28.0,45.0,-2202605.428823907,1484.05458556929,-8713499.389078738,1248194.1756610349,0.225287474051189
7775.0,Put,0.0,0.0,-0.0,-0.0,0.0,-0.0,0.288416720467429
7675.0,Call,428.0,13.0,-3358953.9563421765,-5556.681807371704,-1516535.3303115456,-4795244.261598765,0.231384518494126
7570.0,Put,71.0,7.0,-3311389.253259878,-3659.812723583469,24923188.037414044,-2445318.3794502597,0.1788916395440972
7210.0,Call,2.0,2.0,-25863.85773385293,34.81997012757178,-726144.9763998125,43891.737632015305,0.337201345140823
7620.0,Put,68.0,5.0,-1252740.818656769,-1784.1946769417916,24807709.52112252,-1340277.4775916731,0.2008954921209284
7325.0,Call,6.0,7.0,-259697.63479692888,249.3911163332136,-2050674.1891594864,235407.29153927683,0.252778801629577
7500.0,Call,279.0,4067.0,-37252895.21263201,-15028.935851026381,-29745137.796121247,-10165445.715724215,0.1814230726973886
7330.0,Call,3.0,22.0,-137773.5913882638,129.10359926902512,-1019482.5727220679,120193.63445234219,0.249320785803904
7375.0,Put,102.0,2480.0,-8023776.919287125,5406.198847431323,6296205.436636855,4541782.350818489,0.225287474051176
7230.0,Call,2.0,2.0,-31274.8810543231,40.44069172785367,-722379.6189491126,48742.156602726245,0.3224956370788
7350.0,Call,20.0,40.0,-1171026.5756417231,972.2051931364086,-6593849.722482106,862239.0093925691,0.237538937759405
7410.0,Call,8.0,158.0,-895506.8220763793,375.2709189982855,-2173381.2125485,295677.96116446686,0.2110361242230622
7110.0,Call,0.0,3.0,-0.0,0.0,-0.0,0.0,0.396950249788871
7110.0,Put,297.0,408.0,-1442088.189117346,2326.504778542256,1126663.8285752048,3444294.6014328445,0.396950249789025
7700.0,Call,413.0,118.0,-2430649.61416781,-4177.901121927944,-1141758.6029538843,-3866556.3720086175,0.24814414564338
7610.0,Put,24.0,10.0,-519249.00938452437,-715.5673825643007,8723152.059317676,-521139.11297211586,0.1948168183660517
7560.0,Call,192.0,1150.0,-10925486.290024292,-11118.039217476058,-5355287.426078367,-7333355.586602754,0.1768635193828828
7300.0,Put,468.0,6013.0,-15126950.442873023,16163.817543224459,10847459.170762548,16270756.947804315,0.269912971467913
7495.0,Put,37.0,26.0,-5093592.920673817,-1788.2231458013127,9495866.714332048,-1222143.7820057215,0.1830452128043262
7550.0,Call,385.0,2133.0,-26516251.288886122,-24490.84670083798,-13724679.285546532,-16042357.45629587,0.1756449067875529
7400.0,Call,267.0,146.0,-27279331.612699844,13500.963588611345,-75990870.20712806,10847049.912744952,0.2152039139461336
7825.0,Put,0.0,0.0,-0.0,-0.0,0.0,-0.0,0.317657238070353
7200.0,Call,1.0,3.0,-11725.593863025284,16.11294843048675,-363952.77978949697,20713.525426707296,0.343837067555201
7820.0,Call,261.0,0.0,-397348.6809343123,-801.3695039101758,-207649.80695297127,-940332.1921642373,0.314616798689316
7370.0,Call,7.0,59.0,-520024.54764301394,368.1822607177859,-2209367.9941560384,312316.3962992084,0.227211935356273
7355.0,Call,6.0,17.0,-373296.76402817894,298.769147502031,-1959029.9778139393,262180.0550725069,0.235038723791304
7345.0,Call,6.0,19.0,-330642.70542957314,283.7660714503825,-1995238.6230972616,254693.2840873429,0.240387010225555
7725.0,Call,89.0,779.0,-399946.47007422394,-711.0301110568147,-194871.71351224094,-701264.019582404,0.26444196343506
7440.0,Call,99.0,780.0,-13543113.444349764,2312.0678042396307,-22158546.191750865,1737970.131472922,0.2011883589011972
7295.0,Call,1.0,1.0,-30499.569623794057,33.22041857928155,-351067.75779302017,33897.98630014904,0.273194845307413
7165.0,Put,30.0,178.0,-258139.24690717878,375.66629654359775,203176.97437510718,517457.0737290114,0.369330973621565
7700.0,Put,16.0,0.0,-94165.60248617445,-161.8557335375098,5922549.797730039,-150611.31893460412,0.248144145643515
7255.0,Put,111.0,434.0,-2230948.94272564,2718.849193185137,1648471.6163850252,3086357.7741119955,0.304377959592604
7245.0,Call,0.0,1.0,-0.0,0.0,-0.0,0.0,0.311689060155097
7255.0,Call,1.0,3.0,-20098.639123652392,24.494136875540526,-358072.81539046514,27856.11045926204,0.304377959592589
7680.0,Put,8.0,5.0,-58246.27861341818,-97.46872417010557,2957040.0681719873,-85462.55393032209,0.233973950271268
7500.0,Put,166.0,128.0,-22164805.036905713,-8941.947495591972,44207545.30986554,-6056738.211975146,0.1814230726973982
7445.0,Call,205.0,445.0,-28659982.03855992,3639.93298014614,-44028130.66530968,2716029.252460096,0.1996162353054766
7630.0,Put,54.0,3.0,-833918.0085380157,-1231.3043062298095,19772330.802324753,-947430.3300770945,0.2057116142905721
7570.0,Call,171.0,860.0,-7975317.778977643,-8814.478531447376,-3743719.0064894943,-5880693.158139606,0.1788916395440915
7245.0,Put,80.0,254.0,-1452723.8582750664,1814.6972405183785,1080095.17230383,2109478.0010029036,0.311689060155128
7385.0,Put,173.0,817.0,-15204923.884018216,9225.766118443831,12286876.521671707,7578724.6702839695,0.2202979251272584
7295.0,Put,136.0,1158.0,-4147941.4688357958,4517.9769267822285,2972436.8407145767,4603178.51327203,0.273194845307404
7185.0,Call,0.0,3.0,-0.0,0.0,-0.0,0.0,0.355161546910084
7235.0,Call,0.0,2.0,-0.0,0.0,-0.0,0.0,0.318987483460633
7310.0,Put,91.0,768.0,-3296489.4387718663,3390.2673047206795,2359007.9278595224,3320989.8241944364,0.262661329522022
7805.0,Put,2.0,0.0,-3450.7862835973874,-6.876943202644744,744079.7252000638,-7935.895847485474,0.305426407715974
7095.0,Call,1.0,1.0,-4128.963947807291,6.839349373317412,-369711.2198954729,10347.22599620046,0.403644010459146
7185.0,Put,149.0,277.0,-1531117.5771576404,2156.827355667975,1187772.713141809,2856908.368286731,0.35516154691007
7195.0,Put,180.0,217.0,-2016423.12632509,2795.6716692720347,1548758.8951295048,3622962.640626879,0.347474868262016
7485.0,Put,53.0,230.0,-7628679.086304747,-1902.195864408474,12554411.32731915,-1321493.888664315,0.1860221448766489
7485.0,Call,27.0,675.0,-3886308.2137776706,-969.0431762079756,-3673302.0915363603,-671834.5601939345,0.1860221448766608
7545.0,Call,105.0,873.0,-7931349.396663849,-6914.741872113774,-4257903.825187457,-4535786.313049915,0.1758946924856677
7615.0,Put,75.0,69.0,-1499518.0980907422,-2100.1466418018886,27310937.944178026,-1554640.3023523164,0.1979949871707866
7455.0,Put,92.0,426.0,-13286863.296509285,499.3312724907772,16281319.999147482,363554.46536624024,0.1964070830780752
7320.0,Call,1.0,13.0,-40785.14964492528,40.11029211567389,-343634.3992942755,38361.069544836166,0.256107269496197
7730.0,Call,55.0,8.0,-233577.88323108185,-418.21772490856677,-114438.13836112253,-417136.28133049153,0.267431234067176
7770.0,Put,1.0,2.0,-2525.04180008836,-4.826782051612209,371666.41226053826,-5213.922547126647,0.286790987212639
7350.0,Put,1427.0,5452.0,-83552746.17203681,69366.84053028295,61691243.34580677,61447854.35837273,0.237538937759404
7630.0,Call,244.0,83.0,-3768073.964503382,-5563.671309629188,-1651791.4076115962,-4268516.637444876,0.2057116142905444
7830.0,Call,167.0,0.0,-234377.1076496355,-476.31011329004906,-124057.08871854347,-569695.1846946827,0.320690413858769
7795.0,Call,0.0,0.0,-0.0,-0.0,-0.0,-0.0,0.299219038269554
7555.0,Put,40.0,15.0,-2508573.045575801,-2435.6132409679676,13654249.027019035,-1602810.8019620853,0.1762329469635445
7795.0,Put,2.0,0.0,-3757.169520236275,-7.426180003302868,743948.9763199455,-8389.618361065299,0.299219038269727
7685.0,Put,3.0,0.0,-20637.669403626343,-34.793343120306695,1109352.860536458,-30963.192987637718,0.237428642167298
7620.0,Call,150.0,103.0,-2763398.8646808458,-3935.7235520743843,-1215698.0054984307,-2948831.615770829,0.2008954921208532
7190.0,Call,0.0,2.0,-0.0,0.0,-0.0,0.0,0.351339949281815
7645.0,Put,2.0,0.0,-24038.61004000671,-37.183308724260414,735298.0755510746,-29699.284095570812,0.2134237778385737
7555.0,Call,86.0,768.0,-5393432.047988577,-5236.568468081072,-2714820.9407970146,-3441649.8740340923,0.1762329469635664
7670.0,Put,52.0,0.0,-440418.86895108316,-719.9184721521336,19193545.740760896,-617012.3810129574,0.228810653294397
7765.0,Call,81.0,0.0,-220478.02190362627,-417.5068152773594,-109943.85061344555,-443689.10260062705,0.284937895284102
7770.0,Call,181.0,0.0,-457032.5658218091,-873.6475513511948,-227607.27792260595,-934473.5114668829,0.286790987213211
7755.0,Put,1.0,0.0,-3128.0536272046593,-5.8206826406205865,371365.2185223665,-6143.900074814998,0.280659365669503
7470.0,Put,95.0,222.0,-14025655.312350284,-1435.6322419539947,19628597.583788645,-1024075.7709450143,0.1907512386857176
7685.0,Call,151.0,1.0,-1038762.6933199276,-1751.2649370608565,-474083.25240335625,-1550766.8081601816,0.237428642167494
7695.0,Call,119.0,0.0,-737954.73581778,-1260.2119841515776,-343521.8207887069,-1149847.5436037804,0.244644077822076
7180.0,Put,66.0,253.0,-649336.0112317466,922.020696528301,505946.5427495006,1234077.4093884737,0.358877639713385
7210.0,Put,107.0,197.0,-1383716.3887625681,1862.8684018263048,1054102.2432038945,2342741.8183179013,0.337201345140952
7510.0,Call,69.0,1493.0,-8481028.634950548,-4311.837141496519,-6104829.652600273,-2878897.6370276,0.17906482779981
7195.0,Call,0.0,2.0,-0.0,0.0,-0.0,0.0,0.347474868261978
7205.0,Call,2.0,2.0,-24628.5645308486,33.50078581910006,-727043.655867856,42650.72648137521,0.340546480141836
7205.0,Put,80.0,300.0,-985142.5812340239,1340.0314327640717,752166.647971519,1701942.2218739565,0.340546480141846
7335.0,Put,110.0,370.0,-5367532.359829353,4893.659309295539,3885779.816096621,4494213.303664074,0.246258745383557
7335.0,Call,7.0,35.0,-341570.2410800516,311.4146833188062,-2363190.4798470237,286352.9903222059,0.246258745383559
7655.0,Call,77.0,10.0,-806315.5862014424,-1274.9607523532627,-358440.27970202663,-1045616.4140913184,0.2198954521013544
7495.0,Call,86.0,1053.0,-11839161.923727974,-4156.410555105466,-9999982.364223627,-2836265.1701527596,0.1830452128043335
7565.0,Put,70.0,1.0,-3606605.264995288,-3832.7616821643446,24378202.039171185,-2543691.3782483963,0.1777061025910219
7605.0,Put,2.0,1.0,-46722.40635581827,-63.38369367362506,725546.0501427384,-45344.70346994618,0.1913887191839576
7635.0,Put,2.0,1.0,-28140.688267750473,-42.32913801526329,733563.5582542968,-32903.6513467431,0.207776572194792
7635.0,Call,37.0,37.0,-520602.7329531653,-783.0890532821338,-227258.88053748512,-606827.3876256923,0.2077765721947676
7605.0,Call,120.0,142.0,-2803344.381348355,-3803.021620416866,-1218106.3154636603,-2714551.952124267,0.191388719183939
7615.0,Call,50.0,275.0,-999678.7320601889,-1400.0977612009747,-438903.58889297233,-1033872.5948713167,0.1979949871707661
7735.0,Put,0.0,0.0,-0.0,-0.0,0.0,-0.0,0.270317332685999
7715.0,Call,172.0,23.0,-862840.1158266254,-1512.9472595208854,-415034.72463440505,-1456823.1342463978,0.258178614719842
7715.0,Put,0.0,0.0,-0.0,-0.0,0.0,-0.0,0.258178614719727
7815.0,Put,0.0,0.0,-0.0,-0.0,0.0,-0.0,0.311566505002646
7805.0,Call,2.0,0.0,-3450.786283554948,-6.8769432025721455,-1768.096867050308,-7833.724912859308,0.305426407715439
7815.0,Call,3.0,0.0,-4760.028252096542,-9.56244107356183,-2471.453347117136,-11111.841175940177,0.311566505002176
7230.0,Put,91.0,1059.0,-1423007.087971316,1840.0514736170514,1067803.2418698221,2213119.347902343,0.322495637078764
7810.0,Call,446.0,0.0,-737814.9757757437,-1476.3119773812064,-380570.5736586738,-1698654.4114319412,0.30850378314152
7740.0,Put,1.0,10.0,-3778.256663939111,-6.865223553821996,371056.037389526,-7043.52571420904,0.273092799307323
7730.0,Put,1.0,0.0,-4246.870604192359,-7.603958634687838,370843.217608829,-7635.381491439307,0.267431234067071
7390.0,Call,21.0,57.0,-1943529.9125640474,1105.6653137323979,-6222232.889658151,904101.5427047967,0.2190302853461503
7380.0,Put,271.0,1879.0,-22546396.8337366,14440.831449628542,17951188.432005193,11999805.96366553,0.2228390461692516
7280.0,Call,0.0,0.0,-0.0,0.0,-0.0,0.0,0.285043174453417
7180.0,Call,1.0,1.0,-9838.424412611415,13.97001055346795,-365258.05432523385,18749.228033774314,0.358877639713492
7090.0,Put,145.0,172.0,-568451.0471745356,949.2079736731926,442105.09441768256,1437472.3219562592,0.406047356816201
7660.0,Put,1.0,0.0,-9778.006017090993,-15.627600194761426,368551.5051909738,-13051.199204677005,0.2230463631322189
7115.0,Put,61.0,72.0,-313260.11041545484,500.56243498399044,245304.51264610793,737216.8851198015,0.394890869019703
7455.0,Call,117.0,1247.0,-16897423.974909138,635.0191182763633,-22926505.852881547,468323.43932055426,0.1964070830780683
7355.0,Put,67.0,1189.0,-4168480.531647977,3336.255480439386,3110067.2869934863,2924254.5553362323,0.2350387237913
7365.0,Put,93.0,558.0,-6515468.547451673,4829.58489175897,4948220.293877367,4129259.1552822553,0.229273520288939
7745.0,Put,1.0,0.0,-3555.161784936364,-6.509590375245413,371160.28076855245,-6745.790679024586,0.2757488736568
7100.0,Put,344.0,594.0,-1497548.2285280118,2459.8269767679617,1166248.2796979707,3681785.2825101954,0.401322047355961
7420.0,Put,393.0,950.0,-47547307.775298566,16084.64705350606,45581063.0986518,12475011.334807353,0.2080496593211261
7465.0,Call,48.0,820.0,-7087816.671385088,-389.66868140877847,-8462821.451629223,-277945.8274444199,0.1920403884791254
7465.0,Put,64.0,301.0,-9450422.228512993,-519.5582418783241,12583368.37064286,-373863.906497496,0.1920403884791348
7395.0,Call,6.0,46.0,-583644.9747427145,310.1218865826458,-1742922.3184616996,251775.42700292234,0.2174648993322473
7225.0,Put,565.0,748.0,-8426438.054182438,11007.65320938803,6350176.469872373,13395191.415509205,0.326289174208164
7175.0,Put,36.0,846.0,-338929.8797782257,485.1626921885819,265116.8207229802,655888.4951830697,0.362482412751872
7550.0,Put,240.0,37.0,-16529611.193071647,-15267.021320002976,80946094.41810627,-10012691.13424995,0.1756449067875496
7785.0,Call,139.0,0.0,-284632.3473405619,-557.8679899360474,-141812.99442517443,-609491.8018894757,0.292934514907904
7470.0,Call,107.0,1637.0,-15797317.036015308,-1616.9752619902333,-17794859.09674595,-1147966.5654354454,0.190751238685721
7535.0,Call,80.0,879.0,-7145229.462369443,-5499.402619534226,-4128255.782533881,-3612400.734422345,0.1761443290755891
7130.0,Put,111.0,93.0,-673801.4223615923,1045.254931776434,531356.6868817237,1514978.7675220207,0.38862028314008
7530.0,Put,39.0,97.0,-3757367.717600231,-2700.4973250419953,12289107.256648956,-1776890.6662917417,0.1762485623673905
7515.0,Put,53.0,73.0,-6191209.325896398,-3478.544693609296,15528264.00370865,-2310206.5439460524,0.1778989691821886
7395.0,Put,107.0,356.0,-10408335.382911975,5530.506977390936,8820743.801357953,4484528.96988821,0.2174648993322358
7435.0,Put,292.0,815.0,-39009251.02959169,8354.515497368411,40951949.88341388,6301570.302757064,0.2024110626061782
7415.0,Put,125.0,464.0,-14578639.45379532,5530.705089155324,13546819.975526262,4315896.670330604,0.209313630302635
7405.0,Put,118.0,514.0,-12647806.670944542,5796.666665309001,11144354.029114615,4596570.3885898255,0.2126767818679234
7535.0,Put,46.0,93.0,-4108506.940862446,-3162.1565062321242,14780752.832587186,-2079480.3537870408,0.1761443290755929
7505.0,Call,86.0,1651.0,-11044927.825674042,-5027.101250494035,-8381687.113640967,-3381730.4626357495,0.1804218213473003
7285.0,Put,58.0,651.0,-1585125.0792019106,1783.8294369842092,1141609.3233647752,1867360.2124101096,0.280692895915083
7365.0,Call,25.0,36.0,-1751470.0396375367,1298.2755085374024,-7992931.030173396,1111293.038639212,0.22927352028893
7265.0,Call,0.0,1.0,-0.0,0.0,-0.0,0.0,0.297152148973615
7385.0,Call,11.0,45.0,-966787.0677699448,586.6094063750425,-3320916.53733235,482446.1677302241,0.2202979251272581
7305.0,Put,107.0,887.0,-3661780.0344245727,3839.212499443103,2624022.453963914,3813778.3874474727,0.266363376106881
7265.0,Put,24.0,1016.0,-535310.2794924679,635.1238426782809,393494.94945417845,703855.9013701399,0.297152148973619
7155.0,Put,61.0,95.0,-478107.23481919896,707.8096622420842,377777.720991766,991630.5244543933,0.375643900427527
7155.0,Call,1.0,1.0,-7837.823521620445,11.603437085929738,-366730.83364026994,16307.323573062678,0.375643900427448
7135.0,Put,138.0,118.0,-884116.5315557785,1358.1587810184085,698389.8793051683,1956970.0056368252,0.386344853637035
7785.0,Put,0.0,0.0,-0.0,-0.0,0.0,-0.0,0.292934514907599
7765.0,Put,1.0,0.0,-2721.950887711135,-5.154405126900157,371566.5795445081,-5528.7287092721845,0.284937895284304
7665.0,Call,62.0,14.0,-564931.8001633513,-912.9273674621729,-253789.35968332097,-769574.8327635771,0.226023984382312
7740.0,Call,5.0,0.0,-18891.283319763406,-34.32611776921165,-9339.368220267888,-34962.20123484654,0.273092799307496
7725.0,Put,2.0,0.0,-8987.561125266562,-15.978204742854265,741468.6824376509,-15860.912947622921,0.264441963435077
7300.0,Call,5.0,12.0,-161612.71840675833,172.69035836778144,-1748727.897360569,174088.30071029693,0.269912971467907
7825.0,Call,97.0,0.0,-141753.2819684144,-286.9899857696609,-74555.28811622626,-340010.38028617465,0.317657238070509
7125.0,Put,243.0,249.0,-1396044.6937953366,2187.1863382330403,1098567.9471516127,3187680.8308203397,0.390777748200529
7275.0,Call,3.0,0.0,-74106.79322083604,85.62678733815719,-1064763.004078971,92519.86917359631,0.289241383532312
7610.0,Call,347.0,100.0,-7507475.260680878,-10345.9117395722,-3282356.937678369,-7517076.351243881,0.1948168183660178
7790.0,Call,11.0,0.0,-21570.902776352523,-42.45772289208837,-10824.964976719595,-46885.63896285675,0.296085509588519
7710.0,Call,652.0,0.0,-3451649.834110266,-6011.691201501751,-1648149.010351813,-5715501.945136309,0.254914855362647
7720.0,Call,461.0,1.0,-2189782.1166859297,-3866.018919180859,-1060432.8527077306,-3768420.195093647,0.261355934399351
7590.0,Put,147.0,0.0,-4549983.933397588,-5751.4697403324735,52814408.02725725,-3963399.3071022583,0.1844232940994311
7640.0,Call,385.0,137.0,-4997765.070252599,-7628.14460922463,-2185975.759105954,-5989504.8992525395,0.2105300029814054
7590.0,Call,119.0,450.0,-3683320.327036358,-4655.95169455501,-1623424.6290249322,-3202386.9351451145,0.1844232940994359
7580.0,Call,223.0,816.0,-8558185.812755574,-10111.840496282817,-3911504.7130670813,-6876117.854768857,0.1823338154027026
7580.0,Put,147.0,20.0,-5641494.683744345,-6665.652703827494,52241379.079689205,-4540197.118176534,0.1823338154026962
7480.0,Put,45.0,201.0,-6554354.473918105,-1305.5927666833884,10202755.67072515,-916646.6975640587,0.1879541128535998
7490.0,Put,166.0,109.0,-23457435.85687735,-7041.466213341202,40986408.94517346,-4845987.75527512,0.1843045357516099
7480.0,Call,98.0,1953.0,-14273927.52097697,-2843.290914110394,-14327208.709488567,-1991246.432236406,0.1879541128536032
7490.0,Call,117.0,1142.0,-16533252.983462345,-4962.961126271005,-14744086.466919677,-3409568.586879464,0.1843045357516017
7430.0,Put,298.0,1772.0,-38594029.27352741,9878.695991573573,39301397.35588497,7530533.39685546,0.2045298839553399
7430.0,Call,47.0,557.0,-6086977.771328273,1558.0493677985864,-11328881.282582602,1190102.5929755904,0.204529883955335
7440.0,Put,149.0,895.0,-20383069.729374323,3479.7788164816616,22215931.606922608,2608121.0895134695,0.2011883589012032
7460.0,Call,80.0,1258.0,-11706322.945314385,-95.90895630656027,-14898997.884321569,-67443.00873691632,0.1942431534192799
7460.0,Put,80.0,668.0,-11706322.945314229,-95.9089563065588,14934914.998364093,-71529.846118106,0.1942431534192825
7420.0,Call,85.0,536.0,-10283768.857252892,3478.8676833283007,-21840032.78547337,2702499.932551172,0.2080496593211255
7310.0,Call,0.0,4.0,-0.0,0.0,-0.0,0.0,0.262661329522053
7380.0,Call,35.0,50.0,-2911896.270039803,1865.0520322399473,-10733917.715989944,1551578.4294660673,0.2228390461692415
7390.0,Put,284.0,1592.0,-26283928.34134241,14952.807100000176,21762098.32101417,12212388.781018818,0.2190302853461489
7290.0,Put,53.0,736.0,-1525866.2089394901,1692.7687968902876,1093025.7425958742,1745450.8291821047,0.276482408867827
7290.0,Call,6.0,12.0,-172739.57082334036,191.6342034215427,-2113804.702888681,197904.7198808108,0.276482408867829
7260.0,Call,0.0,0.0,-0.0,0.0,-0.0,0.0,0.300847249378091
7260.0,Put,169.0,547.0,-3579221.915107037,4303.763802108521,2638896.753775053,4828827.43527222,0.300847249378115
7240.0,Call,1.0,0.0,-17283.386817325118,21.839389771919787,-360026.6678239139,25741.847271553284,0.31541811055622
7270.0,Put,83.0,420.0,-1948626.0305120253,2281.4858626956952,1426859.860337796,2495436.1803698395,0.293280358528417
7190.0,Put,139.0,284.0,-1491249.8450864442,2084.144342652041,1151209.3137732185,2730926.25461188,0.351339949281827
7170.0,Put,308.0,853.0,-2773168.3650880046,4002.3025955236244,2176551.663486861,5462741.276269589,0.36596933110463
7120.0,Call,2.0,0.0,-10865.439431425724,17.19245293572088,-737318.2544658666,25292.114728540746,0.392852730434964
7800.0,Call,287.0,27.0,-516630.27608956106,-1025.3718297399923,-262915.85248204577,-1156196.9498200591,0.302332087747878
7275.0,Put,384.0,1606.0,-9485669.532266729,10960.228779283982,6913117.314782493,11822926.434790263,0.289241383532307
