Strike,Type,OI,Volume,GEX,Vanna,DEX,Charm
30100.0,Call,13.0,12.0,-477919.6822735055,-138.392639571024,-415952.86902197974,-681634.2840023581
30550.0,Call,24.0,4.0,-399023.80370153324,-138.31719355935581,-389442.2797959114,-867089.7318181503
29700.0,Put,10.0,0.0,-932532.2112729329,-145.33397811837548,4700432.935518583,-706809.8351919499
29980.0,Put,0.0,0.0,-0.0,-0.0,0.0,-0.0
29250.0,Put,19.0,22.0,-2431314.9791909615,2.5571369060486853,5451325.911494312,12285.701863491633
29270.0,Put,12.0,25.0,-1539293.9170932793,-8.711516130860327,3548122.6242501284,-44785.71420154278
29340.0,Call,23.0,24.0,-2949048.973443908,-86.73600656399863,-5945308.691940731,-435779.73928801686
29380.0,Put,5.0,8.0,-635053.9960464425,-27.39138666365891,1721011.1502272482,-137464.27077231286
29380.0,Call,2.0,4.0,-254021.59841857,-10.956554665462965,-481755.2330810552,-54825.41246054402
29880.0,Call,54.0,109.0,-3513603.672193872,-770.5051227946377,-3583662.019164555,-3721412.750460911
28525.0,Call,0.0,0.0,-0.0,0.0,-0.0,0.0
29630.0,Call,10.0,13.0,-1035367.4568545258,-135.6427911799007,-1388698.9219281138,-661759.6841519314
29090.0,Call,6.0,5.0,-720200.7966571718,38.98312770487114,-2197231.643587634,201525.66880350668
29140.0,Put,2.0,4.0,-247069.5006765746,9.297637559527942,479213.95744277653,47765.02036147926
29110.0,Put,27.0,34.0,-3280524.1405507964,155.89066643994389,6132080.99839368,803062.4857216905
29110.0,Call,18.0,44.0,-2187016.0937005426,103.92711095996377,-6443383.239618447,536817.6531165475
29090.0,Put,17.0,15.0,-2040568.923861966,110.45219516379908,3720867.73512997,569626.880232035
28170.0,Put,1.0,1.0,-31641.186951572163,7.87753331057356,45639.56188488389,59371.25995999173
28160.0,Call,0.0,0.0,-0.0,0.0,-0.0,0.0
27980.0,Put,26.0,1.0,-619321.5559352122,170.17368592661984,894831.913518761,1370067.334889774
28550.0,Put,166.0,123.0,-9425138.905105982,1792.5513980471924,13476987.798322443,11419649.22487517
28300.0,Put,125.0,46.0,-4820510.216511576,1107.4488181888175,6957019.66178013,7943685.706008785
28025.0,Put,19.0,10.0,-484457.5314677397,130.12079921202573,700763.9709887841,1033070.8170900783
27975.0,Call,0.0,0.0,-0.0,0.0,-0.0,0.0
28125.0,Put,23.0,0.0,-682268.5101472482,173.64337756163746,989223.3642093886,1334251.2919415752
30025.0,Put,0.0,0.0,-0.0,-0.0,0.0,-0.0
30075.0,Put,0.0,0.0,-0.0,-0.0,0.0,-0.0
28750.0,Call,2.0,0.0,-156753.74093574955,23.7062505029373,-943974.5419353578,135766.19266615715
27800.0,Call,0.0,0.0,-0.0,0.0,-0.0,0.0
28330.0,Call,0.0,0.0,-0.0,0.0,-0.0,0.0
28430.0,Call,0.0,0.0,-0.0,0.0,-0.0,0.0
29500.0,Call,147.0,361.0,-17453749.324613377,-1479.4149124778235,-27880472.518907677,-7321663.53616545
28100.0,Call,0.0,0.0,-0.0,0.0,-0.0,0.0
29125.0,Put,13.0,11.0,-1593968.6864133049,67.90600294713087,3032997.7902304186,349179.7347633112
30050.0,Call,41.0,16.0,-1785654.6790968368,-478.24297395905285,-1668478.7643030933,-2398861.1048012134
29450.0,Put,12.0,7.0,-1473398.6426633052,-99.04320147189097,4491987.984976134,-494191.8581786483
29050.0,Put,46.0,75.0,-5339531.976603865,357.1714842744968,9348060.583367536,1857210.454150991
28200.0,Call,0.0,0.0,-0.0,0.0,-0.0,0.0
29025.0,Put,6.0,2.0,-681577.5202185621,51.074972428923616,1161468.5033133558,266378.34863678983
29000.0,Call,57.0,82.0,-6311759.3044583555,522.0915391626987,-22837519.030156326,2742734.8809182714
28975.0,Call,14.0,8.0,-1510199.0271195562,136.74425170545226,-5735452.841139046,721297.2130855558
28880.0,Call,14.0,1.0,-1338389.6913749976,158.53865016359083,-6161508.439958766,858510.4885259073
29620.0,Call,17.0,10.0,-1783866.77716598,-227.43089093879775,-2421639.772074892,-1110067.511210168
29470.0,Call,2.0,3.0,-242648.70231041216,-18.013277333264444,-404427.50087831845,-89455.43846437069
29460.0,Call,5.0,5.0,-610513.5551998172,-43.18851441755784,-1032241.3152823357,-214722.77384493293
29480.0,Put,0.0,0.0,-0.0,-0.0,0.0,-0.0
29480.0,Call,16.0,9.0,-1926872.2907042548,-149.6839918942821,-3169164.07111567,-743044.2989229691
29470.0,Put,0.0,0.0,-0.0,-0.0,0.0,-0.0
29075.0,Put,14.0,18.0,-1661990.3611464144,98.06446894669143,2979920.562318401,506759.19634854776
29820.0,Put,0.0,0.0,-0.0,-0.0,0.0,-0.0
28690.0,Put,5.0,1.0,-355531.0797872545,58.22919596589376,510384.2827931294,344445.75002312363
28970.0,Call,4.0,6.0,-429247.14026571275,39.55008861771883,-1645926.0615229022,208718.2227733619
27960.0,Put,3.0,3.0,-69415.18712583944,19.24586221936581,100383.34843228878,156022.4729768979
28720.0,Put,23.0,16.0,-1717561.9815729253,271.1583171923626,2465212.9269306744,1574946.8912046584
28710.0,Call,0.0,0.0,-0.0,0.0,-0.0,0.0
28690.0,Call,0.0,0.0,-0.0,0.0,-0.0,0.0
28530.0,Put,5.0,9.0,-275084.76519479026,53.21373193687542,394104.4178196037,342853.95867212326
27910.0,Call,0.0,0.0,-0.0,0.0,-0.0,0.0
30020.0,Put,0.0,0.0,-0.0,-0.0,0.0,-0.0
29080.0,Call,1.0,2.0,-119205.73995418736,6.843129834643963,-370258.58197557484,35404.4056357011
27975.0,Put,8.0,1.0,-189166.703082881,52.098784502901154,273355.1071775836,420152.98099774
29990.0,Put,1.0,1.0,-50600.113759285625,-12.660040770070486,536122.2247117679,-62992.291692141356
28975.0,Put,14.0,9.0,-1510199.0271195625,136.7442517054536,2455665.011064604,720175.1421469009
29100.0,Call,49.0,64.0,-5916812.200259584,300.6238691772258,-17741858.969783194,1553929.3192128213
28525.0,Put,18.0,19.0,-982679.3106423243,190.77591638857743,1409765.3141872238,1233293.2249553509
28780.0,Call,0.0,0.0,-0.0,0.0,-0.0,0.0
29170.0,Call,7.0,16.0,-876214.4424626458,24.264778958226007,-2329304.1497100443,124896.36981338247
29230.0,Call,9.0,13.0,-1148445.615053562,8.899207392540674,-2762122.105230745,45787.845993548166
29240.0,Put,15.0,22.0,-1916246.8685377669,8.428336421929533,4238153.493224356,42419.52625833542
29770.0,Call,54.0,126.0,-4444958.156054888,-803.8321083002426,-5062113.285637655,-3888190.1210004976
28575.0,Put,11.0,4.0,-649969.6294207391,120.66595469490194,930092.6591721696,759274.5287453977
28050.0,Put,28.0,1.0,-742174.8251450876,196.6046633095866,1075596.6542108837,1549758.718348049
28200.0,Put,49.0,66.0,-1617547.9547118638,397.06941433207635,2320659.978548904,2949903.318664491
28150.0,Call,0.0,0.0,-0.0,0.0,-0.0,0.0
28375.0,Call,0.0,0.0,-0.0,0.0,-0.0,0.0
30010.0,Call,7.0,3.0,-337949.61468041013,-86.36231192787753,-324311.7718751287,-431473.7465160154
29180.0,Put,7.0,7.0,-878714.272286434,21.395626624124397,1796381.36785518,109624.1025301905
28950.0,Call,73.0,205.0,-7642678.7932994105,749.1806338555359,-30521884.51221335,3979375.729729454
28850.0,Call,8.0,3.0,-732146.8943436441,92.64329695723958,-3587020.790257833,507550.5695222521
30500.0,Call,51.0,28.0,-921871.2002588926,-314.07044908083196,-891920.6323089137,-1927266.527530905
29000.0,Put,191.0,390.0,-21149930.300904363,1749.464631229403,35224529.03546761,9175259.505346246
29050.0,Call,22.0,12.0,-2553689.2062017685,170.82114465300828,-8400945.041541707,889994.3411000129
28450.0,Put,16.0,16.0,-778909.063052536,159.60500527379773,1133514.3693640756,1079108.4647852106
28500.0,Put,235.0,447.0,-12345592.439728847,2440.1531549351976,17817561.927176636,16029937.562544763
29350.0,Put,28.0,21.0,-3585279.22382503,-117.75891323323036,9268576.86272356,-593048.1088907003
29700.0,Call,31.0,63.0,-2890849.8549461253,-450.53533216698906,-3566133.144057437,-2188625.9034451824
29800.0,Call,80.0,190.0,-6202823.331485839,-1189.094976827903,-6827825.999157262,-5738058.223471053
29575.0,Put,7.0,0.0,-774942.2146655048,-86.30560874964404,2979115.1541231857,-423933.94935951673
28625.0,Put,24.0,12.0,-1536417.9082104939,270.99925447407134,2201159.020349923,1661479.4780947976
29425.0,Put,16.0,0.0,-1994254.6979725733,-116.95261894714854,5819947.066633606,-584206.22733786
29725.0,Call,19.0,9.0,-1698796.291265653,-280.13060167687786,-2033115.3814653002,-1357551.6627718052
29850.0,Call,29.0,122.0,-2020864.7802134617,-422.1206358333722,-2121067.3292214307,-2038880.8061142152
28575.0,Call,0.0,0.0,-0.0,0.0,-0.0,0.0
29075.0,Call,11.0,6.0,-1305849.5694721537,77.0506541723966,-4094512.1563383974,399049.5671542238
29325.0,Call,41.0,87.0,-5266344.163450744,-127.91681036888062,-10870109.469971748,-643688.1521099906
29375.0,Call,30.0,29.0,-3817932.4040379566,-158.17914831030353,-7291379.257887745,-791531.2060285453
30400.0,Call,14.0,17.0,-296035.2319244144,-97.78891905304204,-278135.0926398917,-569933.7153772871
28425.0,Call,0.0,0.0,-0.0,0.0,-0.0,0.0
28075.0,Call,0.0,0.0,-0.0,0.0,-0.0,0.0
28850.0,Put,218.0,257.0,-19951002.870863732,2524.5298420845534,29801090.021218363,13813280.772007557
28350.0,Put,39.0,55.0,-1629222.5934264252,359.56202238721175,2373739.670059536,2541755.9460155456
29350.0,Call,137.0,227.0,-17542259.05942986,-576.1775397483212,-34806116.47538116,-2890719.4100298085
30300.0,Call,46.0,42.0,-1131955.534514903,-363.605501341576,-1019278.530918628,-1991348.8100005733
30325.0,Call,2.0,1.0,-47388.48676903544,-15.326162848967403,-43176.01511206842,-85335.74608055761
30300.0,Put,0.0,0.0,-0.0,-0.0,0.0,-0.0
29550.0,Put,12.0,13.0,-1363993.7616518522,-139.83874993419388,4989886.135845835,-688516.2845173064
29650.0,Put,0.0,0.0,-0.0,-0.0,0.0,-0.0
29750.0,Call,200.0,221.0,-17096826.808140706,-2971.836270261082,-19888382.312760815,-14380867.344083972
28125.0,Call,0.0,0.0,-0.0,0.0,-0.0,0.0
27950.0,Call,0.0,0.0,-0.0,0.0,-0.0,0.0
29025.0,Call,17.0,12.0,-1931136.3072858946,144.71242188194495,-6655529.965907047,756101.1691821192
29150.0,Put,66.0,70.0,-8195912.077957318,281.4547036055134,16091008.117974384,1444014.83115988
29275.0,Call,9.0,17.0,-1154672.773932594,-8.47565701978645,-2584879.0202087252,-42731.28792299365
28075.0,Put,16.0,19.0,-440712.21830522444,115.13867195625963,639655.4932344569,900765.5166626616
28800.0,Put,214.0,327.0,-18152212.203845985,2529.4681930805555,26565156.221015237,14134819.689289806
29825.0,Call,25.0,2.0,-1839894.0542236385,-368.33859866836724,-1978803.1018695147,-1779212.2917727383
29300.0,Put,43.0,112.0,-5527900.488180647,-87.28022704454261,13282664.122173902,-443636.075204757
28775.0,Put,21.0,37.0,-1712530.2308109174,248.90476069911534,2488250.905515761,1407471.4853502004
28925.0,Put,21.0,13.0,-2133118.4339725156,225.22802309771743,3331749.8857415305,1200982.7659649737
28425.0,Put,9.0,9.0,-421792.4665572671,88.02901657421002,615082.3057476919,602737.8640112212
29475.0,Put,0.0,0.0,-0.0,-0.0,0.0,-0.0
29550.0,Call,76.0,121.0,-8638627.157128362,-885.6454162498859,-12863456.146843906,-4354511.893037828
28725.0,Call,0.0,0.0,-0.0,0.0,-0.0,0.0
28675.0,Call,1.0,0.0,-69389.82950718729,11.558994058078254,-485371.19258619583,69105.99184548325
28675.0,Put,38.0,10.0,-2636813.5212731203,439.24177420697856,3788928.8519915817,2622982.069009153
28375.0,Put,20.0,7.0,-868407.5062069051,188.07622987289008,1267203.0783008374,1316797.1106708092
29475.0,Call,20.0,27.0,-2417510.7452267692,-183.6206352238713,-4002903.352259624,-911749.3163806928
28275.0,Call,0.0,0.0,-0.0,0.0,-0.0,0.0
30225.0,Put,0.0,0.0,-0.0,-0.0,0.0,-0.0
29525.0,Put,1.0,0.0,-116260.84792026698,-10.876174055999861,405640.18759303814,-53770.70919375088
28500.0,Call,3.0,0.0,-157603.30774121682,31.15089133959983,-1527781.3023897405,204877.94457101033
29625.0,Call,38.0,28.0,-3961777.561511786,-512.2539326337456,-5342938.580902111,-2498744.7495664326
29200.0,Put,106.0,148.0,-13403131.554308865,237.55663534726708,28111078.07223478,1213343.3728644082
28925.0,Call,13.0,5.0,-1320501.8876973,139.4268714414518,-5543526.1715872595,744507.4448023258
28950.0,Put,50.0,59.0,-5234711.50225977,513.1374204489728,8348591.978467871,2721592.41867364
30175.0,Call,39.0,13.0,-1164452.4462010278,-361.6256659786593,-978763.4937698947,-1805954.4073475685
30225.0,Call,2.0,0.0,-55206.26702111421,-17.37792814812483,-47794.677841989804,-90225.13664621912
29200.0,Call,89.0,175.0,-11253572.720127702,199.45792967838312,-28469408.71946422,1025883.733035326
27960.0,Call,0.0,0.0,-0.0,0.0,-0.0,0.0
28080.0,Call,0.0,0.0,-0.0,0.0,-0.0,0.0
28110.0,Put,7.0,6.0,-203148.4593610888,52.09924167348405,294803.6204636504,402653.09965954634
28410.0,Call,0.0,0.0,-0.0,0.0,-0.0,0.0
28390.0,Put,2.0,0.0,-88854.55266871155,19.032905431040604,129665.57321811552,132403.15711981824
28410.0,Put,0.0,0.0,-0.0,0.0,0.0,0.0
28390.0,Call,0.0,0.0,-0.0,0.0,-0.0,0.0
28880.0,Put,16.0,17.0,-1529588.218714308,181.18702875839801,2319553.613994105,979872.4772425875
28830.0,Put,8.0,8.0,-710458.9908088702,93.58533955349613,1052241.6131446327,516413.29894514295
28970.0,Put,7.0,4.0,-751182.4954650075,69.21265508101028,1215188.3184367367,364695.8543840595
28960.0,Call,3.0,4.0,-318044.4649655726,30.246945748573317,-1244498.0332884253,160122.48969152893
28920.0,Put,35.0,31.0,-3533935.6638457784,378.58926033685054,5494442.314212591,2020172.404745305
28930.0,Call,10.0,6.0,-1021810.4505160952,106.30984699356979,-4247431.649606457,567279.6335919866
29970.0,Put,0.0,0.0,-0.0,-0.0,0.0,-0.0
29980.0,Call,2.0,3.0,-103517.67933475944,-25.640392016778595,-100450.12638628765,-126973.75625476302
30060.0,Put,0.0,0.0,-0.0,-0.0,0.0,-0.0
30030.0,Call,8.0,8.0,-367601.4409146467,-96.06387401927222,-348884.6229995638,-481597.4210514768
28475.0,Call,0.0,0.0,-0.0,0.0,-0.0,0.0
28475.0,Put,7.0,8.0,-353967.71018203645,71.2350845931166,513268.8167416703,474987.17393363826
27825.0,Call,0.0,0.0,-0.0,0.0,-0.0,0.0
27875.0,Put,3.0,4.0,-62098.49337138681,17.732349149573857,91188.40147368333,148934.42532713414
29400.0,Put,12.0,12.0,-1511080.7962991341,-75.48440260363186,4234166.094817129,-378507.98857967363
30250.0,Call,33.0,20.0,-876377.8448514127,-277.73690062263375,-769218.5115024841,-1468799.921595038
28050.0,Call,0.0,0.0,-0.0,0.0,-0.0,0.0
28150.0,Put,15.0,5.0,-461282.4244774586,115.95579815197162,667193.0878157779,881775.8398820715
29540.0,Put,2.0,2.0,-229416.0491236093,-22.687848452727447,823475.6716765232,-111926.85133676039
29560.0,Put,6.0,28.0,-675393.3692780023,-71.68492885962664,2519105.229531946,-352339.51688258746
29560.0,Call,10.0,11.0,-1125655.6154633195,-119.47488143270644,-1652289.7499732072,-586431.0488957383
29640.0,Put,2.0,2.0,-204168.6359002404,-27.446327504680845,899283.5496074085,-134101.58477878597
29690.0,Call,3.0,3.0,-284361.3277229036,-43.32675602991422,-354659.9859015196,-210498.32970294156
29720.0,Call,30.0,3.0,-2705878.2114283135,-441.5560128841523,-3254972.883973671,-2139569.822911179
29530.0,Call,11.0,39.0,-1273303.9027766804,-121.38519309337579,-1951364.8129825555,-598794.1568756917
29920.0,Put,0.0,0.0,-0.0,-0.0,0.0,-0.0
29870.0,Call,54.0,92.0,-3595190.6642587986,-776.401620334362,-3698128.5588539275,-3747617.921354141
29880.0,Put,0.0,0.0,-0.0,-0.0,0.0,-0.0
29220.0,Call,10.0,43.0,-1274949.408340015,14.162834092959342,-3112727.4738097633,72660.42800724575
29220.0,Put,4.0,3.0,-509979.76333599305,5.665133637183402,1095228.3968199985,28743.5795061379
29290.0,Put,5.0,6.0,-642223.2883943922,-7.962826131121186,1522377.9925520397,-40598.10896493922
28790.0,Call,4.0,4.0,-334092.8410743618,47.39639606536049,-1853326.6308054898,266247.4381621184
28780.0,Put,5.0,6.0,-411016.9506838894,59.266191342778605,597799.6139355161,334252.3869430779
28740.0,Put,2.0,3.0,-154268.79091826788,23.686859934876022,222034.0017176536,136124.6334846138
28070.0,Call,0.0,0.0,-0.0,0.0,-0.0,0.0
30600.0,Put,0.0,0.0,-0.0,-0.0,0.0,-0.0
30500.0,Put,0.0,0.0,-0.0,-0.0,0.0,-0.0
30475.0,Call,0.0,0.0,-0.0,-0.0,-0.0,-0.0
27830.0,Put,2.0,2.0,-39356.29418979028,11.355069121036616,58673.64648637509,97529.01340605576
27820.0,Put,5.0,5.0,-97357.41322545159,28.143339836631892,145704.09095676526,242987.1454379489
27820.0,Call,0.0,0.0,-0.0,0.0,-0.0,0.0
28030.0,Call,0.0,0.0,-0.0,0.0,-0.0,0.0
28020.0,Call,0.0,0.0,-0.0,0.0,-0.0,0.0
28020.0,Put,5.0,6.0,-126509.49677524166,34.070700850285206,182938.09064503142,270893.58140129375
28030.0,Put,1.0,1.0,-25695.869720506726,6.882910048127434,37181.87087330466,54566.88152338072
28060.0,Call,0.0,0.0,-0.0,0.0,-0.0,0.0
28110.0,Call,0.0,0.0,-0.0,0.0,-0.0,0.0
28090.0,Call,0.0,0.0,-0.0,0.0,-0.0,0.0
28090.0,Put,5.0,5.0,-140870.50363463274,36.507176262701655,204516.1104622794,284188.3476668054
28190.0,Put,12.0,12.0,-390590.83078192105,96.32876938271922,561465.9167897584,719174.1555132467
28190.0,Call,0.0,0.0,-0.0,0.0,-0.0,0.0
28370.0,Call,0.0,0.0,-0.0,0.0,-0.0,0.0
28370.0,Put,52.0,12.0,-2240589.144332566,487.06489010054446,3269009.93431702,3417084.134105533
28360.0,Call,0.0,0.0,-0.0,0.0,-0.0,0.0
28360.0,Put,13.0,14.0,-551573.7172750521,120.80611111769103,804311.1121734234,850850.3805270444
28470.0,Call,0.0,0.0,-0.0,0.0,-0.0,0.0
28460.0,Put,2.0,2.0,-98853.8476560484,20.109794860859182,143677.00973765785,135231.6734069075
28480.0,Put,6.0,3.0,-305718.94781069446,61.30505422322844,442915.25555520057,407583.94703875924
28470.0,Put,2.0,6.0,-100367.53426106973,20.271259832490685,145658.90922210948,135555.61312253488
28570.0,Call,0.0,0.0,-0.0,0.0,-0.0,0.0
28990.0,Call,7.0,3.0,-766934.3430276634,65.81318688051708,-2829745.2241110154,346470.3675527285
28990.0,Put,1.0,0.0,-109562.04900394981,9.401883840073445,180830.528855833,49415.61886905608
29070.0,Put,6.0,0.0,-709271.7411538371,42.98011950351561,1265362.070638945,222351.61567178357
29060.0,Put,12.0,21.0,-1405621.1192788465,89.5921897942626,2484603.0150943776,464770.52929525025
29190.0,Call,5.0,7.0,-629769.9479692808,13.243348604595964,-1620825.0615292857,68183.27089002609
29190.0,Put,12.0,14.0,-1511447.8751262315,31.784036651028373,3130978.0113614313,162678.07504577897
29240.0,Call,21.0,40.0,-2682745.615952912,11.799670990701806,-6353261.8877913905,61070.44316965814
29310.0,Call,22.0,44.0,-2830016.7875026423,-54.31905429351073,-5978354.574595495,-273555.56438336417
29330.0,Call,17.0,19.0,-2182598.253912754,-56.738198585397555,-4469506.906538187,-285357.00363624305
29370.0,Put,20.0,24.0,-2549659.6401295317,-101.27649120153352,6797021.5771902,-508502.2792532205
29360.0,Call,43.0,66.0,-5494508.26626476,-199.32363512975047,-10734723.685106942,-998914.6673175839
29520.0,Call,3.0,8.0,-350303.0188329247,-32.15153152068277,-544430.613766962,-158810.21063611063
29520.0,Put,3.0,3.0,-350303.01883292705,-32.15153152068326,1210808.9259909678,-159050.6544086812
29510.0,Call,10.0,18.0,-1177579.582936738,-103.93075033612416,-1855677.6107014215,-513925.3025237222
29540.0,Call,8.0,7.0,-917664.1964944487,-90.75139381091248,-1386736.0859816964,-447066.22195352794
29740.0,Put,0.0,0.0,-0.0,-0.0,0.0,-0.0
29740.0,Call,12.0,4.0,-1044671.9405404082,-177.77554755927707,-1229935.3564718254,-861172.0980740066
29730.0,Call,2.0,2.0,-177248.02990501412,-29.532637045476537,-211047.23582973145,-143134.47432591682
30010.0,Put,0.0,0.0,-0.0,-0.0,0.0,-0.0
29990.0,Call,6.0,6.0,-303600.68255569367,-75.96024462042321,-293745.73124519264,-377472.8626076837
29420.0,Call,2.0,2.0,-249787.24112744618,-14.210185533296958,-447046.9484659291,-70894.19579980154
28825.0,Put,10.0,13.0,-881436.3924788884,117.2621764981767,1302427.5477645742,648303.7084140587
27800.0,Put,34.0,43.0,-648621.0911919482,188.15262956686502,978642.3446491242,1641835.2883559896
30250.0,Put,0.0,0.0,-0.0,-0.0,0.0,-0.0
30325.0,Put,0.0,0.0,-0.0,-0.0,0.0,-0.0
29510.0,Put,0.0,0.0,-0.0,-0.0,0.0,-0.0
29020.0,Put,9.0,11.0,-1017246.9126154848,77.81349877579787,1725570.7209492302,406309.75946121465
29390.0,Call,5.0,5.0,-632506.2835616169,-29.44133706621978,-1182698.608934648,-147274.06290650734
29390.0,Put,1.0,2.0,-126501.25671232337,-5.888267413243956,348540.12479904597,-29534.96050549133
28790.0,Put,17.0,18.0,-1419894.57456606,201.43468327779445,2069719.2110381527,1130189.0974777946
28730.0,Put,2.0,2.0,-151790.1903282308,23.635419623693174,218174.16528792787,136561.45545672154
28270.0,Call,0.0,0.0,-0.0,0.0,-0.0,0.0
28310.0,Put,3.0,4.0,-117603.96309011517,26.793215759248653,170181.22809904173,191730.43933195385
28310.0,Call,0.0,0.0,-0.0,0.0,-0.0,0.0
29260.0,Put,8.0,16.0,-1025562.7490652711,-2.3590776124284294,2330330.4370279307,-12323.888236455594
29410.0,Put,3.0,3.0,-376130.53090760356,-20.08291077936373,1071529.499289159,-100609.17185249199
29440.0,Call,13.0,19.0,-1605428.3878499013,-102.35285777916289,-2795107.184271026,-510186.0091353337
29490.0,Call,30.0,59.0,-3587339.6477971813,-291.2809232892281,-5816421.098182811,-1444128.8758516242
28250.0,Call,1.0,1.0,-35498.63460381609,8.491931033162459,-534517.2418907019,61703.17579808091
29425.0,Call,20.0,11.0,-2492818.3724656915,-146.19077368393252,-4426663.098427522,-728654.8256885207
28625.0,Call,0.0,0.0,-0.0,0.0,-0.0,0.0
29325.0,Put,30.0,37.0,-3853422.558622341,-93.59766612356412,9598656.761014538,-473395.7685378676
30700.0,Call,1.0,1.0,-12315.241914702909,-4.558681604507858,-11930.211776760323,-29790.78501272165
29575.0,Call,21.0,11.0,-2324826.6439965274,-258.9168262489358,-3349331.315935906,-1270118.7416705696
28210.0,Call,0.0,0.0,-0.0,0.0,-0.0,0.0
27950.0,Put,32.0,44.0,-730015.2133526827,203.25651160317432,1056549.3229063032,1653778.2136776296
29420.0,Put,2.0,4.0,-249787.24112744152,-14.210185533296418,723112.7447060192,-71054.49164818
29120.0,Put,2.0,5.0,-244545.85814323885,10.821609508882684,462450.75982615113,55669.13361708833
29130.0,Put,9.0,23.0,-1106235.0003854514,45.289219574715176,2118677.2125601964,232840.87495503525
29120.0,Call,3.0,3.0,-366818.78721485724,16.23241426332393,-1061563.4000186995,83744.14419820183
28550.0,Call,2.0,2.0,-113555.89042296482,21.59700479574802,-1007786.3462041919,137746.43108784087
28350.0,Call,0.0,0.0,-0.0,0.0,-0.0,0.0
28400.0,Call,0.0,0.0,-0.0,0.0,-0.0,0.0
29250.0,Call,87.0,130.0,-11132863.325769298,11.708995306644834,-25940612.216137514,63228.45162156191
30450.0,Call,37.0,37.0,-724230.4524341,-242.83641039047663,-691734.4469722047,-1454252.161409941
28025.0,Call,0.0,0.0,-0.0,0.0,-0.0,0.0
29850.0,Put,0.0,0.0,-0.0,-0.0,0.0,-0.0
28450.0,Call,1.0,0.0,-48681.816440782866,9.975312829612623,-514235.19850072614,67524.42697326468
29175.0,Call,16.0,8.0,-2005501.0679795686,52.17748645101314,-5289653.495600623,268666.2200031514
29225.0,Call,48.0,72.0,-6122816.39920361,57.7289580194378,-14836220.365244836,296526.55219490244
29300.0,Call,143.0,438.0,-18383483.01883331,-290.25749924115337,-39493837.37642548,-1463886.7248473675
30125.0,Put,0.0,0.0,-0.0,-0.0,0.0,-0.0
28175.0,Put,26.0,2.0,-828524.2757157517,205.78299875872557,1194121.9362808664,1547353.5637834796
29925.0,Call,6.0,6.0,-353617.66901572444,-81.84295658581422,-354373.6954524198,-401220.5527609656
29975.0,Put,0.0,0.0,-0.0,-0.0,0.0,-0.0
29975.0,Call,4.0,5.0,-209355.9433431853,-51.60096037543384,-203393.28388033772,-255041.6307114528
29800.0,Put,1.0,0.0,-77535.2916435743,-14.863687210347095,499732.02159649075,-71805.8757175794
29360.0,Put,10.0,15.0,-1277792.620061622,-46.3543337511083,3354351.0972302537,-233107.21582739145
27930.0,Call,0.0,0.0,-0.0,0.0,-0.0,0.0
29150.0,Call,37.0,68.0,-4594677.983097473,157.78521262734705,-12627237.651483407,812488.9391483273
28325.0,Put,28.0,3.0,-1124490.247229939,253.0811190787598,1632501.6303561067,1803630.113235058
29875.0,Put,0.0,0.0,-0.0,-0.0,0.0,-0.0
29875.0,Call,14.0,23.0,-921475.8828827726,-200.5402512468001,-943802.3647443149,-968260.3249589391
28275.0,Put,10.0,6.0,-369706.5810650937,86.80689042418615,528954.4464545825,625518.6376669676
29450.0,Call,36.0,39.0,-4420195.92798987,-297.12960441566645,-7586910.522166753,-1479690.2492650952
27850.0,Put,6.0,8.0,-120674.57825101897,34.67046329962614,178612.13855261006,294767.2995260175
29950.0,Put,0.0,0.0,-0.0,-0.0,0.0,-0.0
29900.0,Call,88.0,91.0,-5483021.414802759,-1231.3107739758436,-5554600.582829611,-5991367.63073803
29675.0,Put,1.0,0.0,-97026.51214545697,-14.259368644095785,461817.21122251934,-69454.11780384154
29675.0,Call,25.0,9.0,-2425662.8036363726,-356.4842161023649,-3081565.8840866266,-1734349.2469912572
29625.0,Put,0.0,0.0,-0.0,-0.0,0.0,-0.0
28100.0,Put,104.0,206.0,-2974026.408770174,766.6806863122586,4317231.977053022,5947197.547185294
28225.0,Put,1.0,0.0,-34193.26143905512,8.297167913535946,48789.884632187684,60858.15040030797
29825.0,Put,0.0,0.0,-0.0,-0.0,0.0,-0.0
28825.0,Call,2.0,0.0,-176287.27849577772,23.45243529963534,-909674.1836190363,129821.03753119148
30450.0,Put,0.0,0.0,-0.0,-0.0,0.0,-0.0
28900.0,Call,71.0,31.0,-6978588.744422878,787.4848516596525,-30829402.60957779,4235564.172091937
28900.0,Put,155.0,314.0,-15234947.25895165,1719.1570705246845,23383750.805550158,9234231.250261325
30000.0,Call,161.0,246.0,-7959912.563693093,-2012.3936345647458,-7673048.61959357,-10029782.893415747
29500.0,Put,22.0,52.0,-2612125.7492618174,-221.40903452048144,8699168.900973255,-1097522.4230099798
28875.0,Call,3.0,5.0,-284747.4838731813,34.11748537954516,-1324558.8484826975,185108.04283627876
29275.0,Put,13.0,9.0,-1667860.6734582153,-12.242615695247363,3872323.865316191,-62764.894458792834
28700.0,Put,286.0,319.0,-20672554.95299752,3347.590742338113,29646652.31766283,19670844.28227398
30025.0,Call,20.0,13.0,-930727.0605404882,-241.8263413628967,-886108.8468184068,-1211593.8976582903
30075.0,Call,21.0,4.0,-847351.0913424682,-235.11448377948977,-769425.8443661925,-1173506.0641911426
29100.0,Put,339.0,326.0,-40934680.32424605,2079.8263602262414,75597370.22210418,10723483.715192752
28800.0,Call,3.0,0.0,-254470.26453989194,35.45983448243508,-1382830.8076875987,198392.12165980568
29725.0,Put,0.0,0.0,-0.0,-0.0,0.0,-0.0
29175.0,Put,5.0,3.0,-626719.083743624,16.305464515942095,1272382.5155546814,83557.45413003681
29125.0,Call,8.0,6.0,-980903.807023588,41.788309505928126,-2814178.5940844775,215521.02017094483
28775.0,Call,1.0,0.0,-81549.05861004184,11.85260765233771,-466591.70822807285,67102.5996075311
28750.0,Put,137.0,59.0,-10737631.25409909,1623.8781594513828,15493682.859705068,9289003.932017984
28725.0,Put,45.0,68.0,-3387724.3836237728,531.1541441349566,4866139.478595268,3077130.4606964355
27925.0,Call,0.0,0.0,-0.0,0.0,-0.0,0.0
27875.0,Call,0.0,0.0,-0.0,0.0,-0.0,0.0
27925.0,Put,0.0,0.0,-0.0,0.0,0.0,0.0
28700.0,Call,9.0,2.0,-650534.9460733561,105.34376461904054,-4332782.007878886,619733.9136270381
28400.0,Put,176.0,298.0,-7939262.8470995575,1688.225384105764,11583437.208204057,11691681.18491522
29600.0,Put,5.0,5.0,-537665.4637306076,-64.64238213365135,2175361.523756041,-316843.50054401346
29525.0,Call,32.0,76.0,-3720347.1334484634,-348.037569791978,-5742069.087774102,-1718097.9606259163
30150.0,Call,26.0,4.0,-808026.2049829225,-249.23101094442018,-668524.7560245515,-1219427.6213584566
27810.0,Call,0.0,0.0,-0.0,0.0,-0.0,0.0
28140.0,Call,0.0,0.0,-0.0,0.0,-0.0,0.0
28160.0,Put,3.0,4.0,-93583.35615616721,23.410928077555234,135183.2620838705,177244.84787241422
28140.0,Put,3.0,0.0,-90942.02274137102,22.9731547163044,131683.62289447786,175443.64270440146
28130.0,Call,0.0,0.0,-0.0,0.0,-0.0,0.0
28270.0,Put,2.0,2.0,-73308.61003295722,17.288896047653846,104685.34650883917,124679.57257400535
28420.0,Call,0.0,0.0,-0.0,0.0,-0.0,0.0
28420.0,Put,4.0,4.0,-186039.90598756672,38.971491756949085,271353.55382107577,267472.55561729014
28260.0,Put,1.0,1.0,-36064.808769581185,8.568748530727952,51413.46863571042,61971.72978268413
28460.0,Call,0.0,0.0,-0.0,0.0,-0.0,0.0
28440.0,Call,1.0,0.0,-47947.744290684495,9.896821518182428,-515232.7150398051,67342.90147709227
28480.0,Call,0.0,0.0,-0.0,0.0,-0.0,0.0
28510.0,Put,1.0,1.0,-53346.4950489055,10.468587438723203,76819.7475191836,68340.37998785754
28490.0,Put,17.0,42.0,-879525.3688949068,175.1003276978102,1271911.319590439,1157289.6981864094
28510.0,Call,0.0,0.0,-0.0,0.0,-0.0,0.0
28490.0,Call,0.0,0.0,-0.0,0.0,-0.0,0.0
28520.0,Put,13.0,2.0,-704258.5463255409,137.21427208733164,1011659.7649013832,889976.5987489403
28630.0,Call,0.0,0.0,-0.0,0.0,-0.0,0.0
28920.0,Call,8.0,8.0,-807756.7231647563,86.53468807699639,-3424766.24372494,462394.8759067358
28870.0,Call,5.0,4.0,-471201.76059061603,57.104736649253084,-2214674.677379042,310385.0134756357
28870.0,Put,8.0,5.0,-753922.8169449791,91.36757863880264,1137159.288881354,495974.8381674937
28930.0,Put,10.0,2.0,-1021810.4505160934,106.30984699356932,1603366.8162533022,566478.154350087
28980.0,Call,5.0,8.0,-542119.2458772069,48.22297553252801,-2039283.3544566236,254250.26483317316
28960.0,Put,17.0,22.0,-1802251.9681382088,171.3993592419072,2894201.8699938934,905998.2602074174
29320.0,Put,15.0,27.0,-1927734.0501399848,-43.544723013813154,4766217.438550068,-220400.12671673132
29320.0,Call,15.0,38.0,-1927734.0501399848,-43.544723013813154,-4009980.2602395657,-219197.90785388346
29280.0,Call,29.0,33.0,-3721689.373928471,-33.58171801873241,-8265334.626130261,-169484.28608589066
29290.0,Call,14.0,13.0,-1798225.2075042725,-22.29591316713876,-3928459.473057951,-112552.63416317062
29630.0,Put,3.0,4.0,-310610.2370563516,-40.69283735396775,1338629.863179476,-198768.3490181452
29790.0,Put,0.0,0.0,-0.0,-0.0,0.0,-0.0
29780.0,Call,46.0,183.0,-3713233.1837017923,-685.2885979260526,-4177436.9008549238,-3310407.9629434296
29830.0,Put,0.0,0.0,-0.0,-0.0,0.0,-0.0
30040.0,Call,0.0,0.0,-0.0,-0.0,-0.0,-0.0
29830.0,Call,65.0,217.0,-4733206.763762002,-955.3526428513087,-5069306.789497102,-4616806.75212291
29840.0,Call,6.0,6.0,-427553.5173373413,-87.76005561604181,-453645.81092672166,-424206.3993738441
29820.0,Call,85.0,213.0,-6321660.827915439,-1255.4177323514132,-6825338.842784418,-6060105.171481911
30060.0,Call,7.0,7.0,-296151.60820854467,-80.38730496350459,-273959.59553434275,-402774.06337128364
30070.0,Put,0.0,0.0,-0.0,-0.0,0.0,-0.0
28600.0,Call,3.0,3.0,-184487.56261191695,33.44099097326164,-1491540.6024572093,207750.65510598622
28000.0,Put,171.0,253.0,-4196636.314310869,1141.9862430166195,6063641.608932536,9135009.678457413
27870.0,Put,6.0,2.0,-123467.10212689752,35.30238359948818,181572.35268173626,297212.40921988373
27810.0,Put,22.0,22.0,-423967.6037830511,122.77763459689511,637047.7519027351,1065662.7645541765
29170.0,Put,4.0,6.0,-500693.96712153126,13.865587976130305,1009288.4436524428,71048.76248231933
29400.0,Call,83.0,138.0,-10451642.174402373,-522.10045134179,-19275311.777484156,-2611361.309968324
27825.0,Put,49.0,50.0,-959125.3846591084,276.995736797475,1432626.5571637908,2385311.4027215126
28430.0,Put,5.0,5.0,-236120.10435385694,49.096817920760586,344226.27079876425,335354.25615163415
28875.0,Put,18.0,18.0,-1708484.9032390653,204.70491227726313,2584084.1476514298,1109205.59438224
28610.0,Put,9.0,5.0,-562418.7935247687,100.92534084368033,803785.0626749835,622849.1001352821
28590.0,Call,0.0,0.0,-0.0,0.0,-0.0,0.0
29225.0,Put,17.0,22.0,-2168497.4747178582,20.445672631882292,4691862.6792707145,103657.3058577947
28590.0,Put,12.0,9.0,-726237.2418352952,132.90994401216074,1038663.2264121347,829461.9982719294
28580.0,Call,0.0,0.0,-0.0,0.0,-0.0,0.0
28580.0,Put,11.0,9.0,-655173.7842026637,121.05252693881869,937437.3700793682,759666.7347300097
29910.0,Call,14.0,15.0,-853399.3394975452,-193.919026174841,-861371.9202111915,-946833.9733047195
29910.0,Put,0.0,0.0,-0.0,-0.0,0.0,-0.0
29900.0,Put,0.0,0.0,-0.0,-0.0,0.0,-0.0
29890.0,Call,13.0,17.0,-827634.0365916754,-183.73868781339965,-840852.8612220538,-890473.6438782503
29890.0,Put,0.0,0.0,-0.0,-0.0,0.0,-0.0
30400.0,Put,0.0,0.0,-0.0,-0.0,0.0,-0.0
29280.0,Put,6.0,6.0,-770004.6980541664,-6.947941659048086,1800409.8465233855,-35546.601907737226
29310.0,Put,6.0,14.0,-771822.7602279932,-14.814287534593838,1880018.7409898094,-75086.95055878392
29775.0,Call,15.0,17.0,-1222790.509896574,-223.38554605969284,-1384206.5000650785,-1079883.7226509398
29775.0,Put,0.0,0.0,-0.0,-0.0,0.0,-0.0
29620.0,Put,0.0,0.0,-0.0,-0.0,0.0,-0.0
29610.0,Call,51.0,53.0,-5419296.019877237,-671.3458326170017,-7455231.093229135,-3280924.931665764
29590.0,Put,1.0,1.0,-108784.16670511643,-12.685243626749322,431231.3243320852,-62269.33240403716
29580.0,Call,17.0,12.0,-1871031.1036435177,-211.6082824328509,-2679559.4024439976,-1038013.0638663938
29580.0,Put,0.0,0.0,-0.0,-0.0,0.0,-0.0
30040.0,Put,0.0,0.0,-0.0,-0.0,0.0,-0.0
29970.0,Call,7.0,5.0,-370470.69755082566,-90.86129586934962,-360339.481546494,-448213.4483779444
28980.0,Put,9.0,14.0,-975814.6425789928,86.80135595855474,1595008.581251833,456929.145382013
30020.0,Call,6.0,6.0,-282713.61522303394,-73.04357105727729,-269932.5727067213,-365670.6141349041
30080.0,Call,3.0,3.0,-118997.87283475189,-33.28136984111764,-107264.48059329041,-165786.95639490426
30090.0,Put,0.0,0.0,-0.0,-0.0,0.0,-0.0
30090.0,Call,1.0,1.0,-38233.75909423332,-10.87689204969684,-33889.1286840798,-53899.33758440399
28730.0,Call,0.0,0.0,-0.0,0.0,-0.0,0.0
29180.0,Call,6.0,6.0,-753183.6619597586,18.33910853496156,-1970723.6213542596,94444.4039995822
29340.0,Put,6.0,10.0,-769317.1235071194,-22.626784321043864,1959528.9859661018,-114162.55866375395
30200.0,Put,0.0,0.0,-0.0,-0.0,0.0,-0.0
29750.0,Put,4.0,3.0,-341936.53616281284,-59.43672540521842,1942551.7400886565,-287937.9385784381
29375.0,Put,5.0,13.0,-636322.067339688,-26.36319138505288,1710169.3566152663,-132322.60729237887
30650.0,Call,8.0,5.0,-109864.47960065545,-39.70515799037856,-107246.65789762925,-256779.07045602222
28070.0,Put,6.0,6.0,-164013.12898343394,42.96703094777997,238001.24748487782,336674.61741386505
28560.0,Call,0.0,0.0,-0.0,0.0,-0.0,0.0
28820.0,Put,10.0,19.0,-874684.267799438,117.46059143665926,1290158.5354237668,650885.4659136129
29020.0,Call,9.0,0.0,-1017246.9126154548,77.81349877579265,-3540147.8983245203,407031.0907789108
29060.0,Call,1.0,2.0,-117135.09327323406,7.466015816188104,-378029.5953281084,38811.025365459594
29040.0,Call,6.0,12.0,-690440.6653939049,48.39345972048517,-2314304.5239689415,252501.38461934312
29440.0,Put,1.0,1.0,-123494.49137307123,-7.873296752243554,370071.6016420518,-39325.22554998535
29430.0,Call,5.0,8.0,-621330.699787947,-37.49533343815776,-1096099.1921878473,-186895.61401836958
29430.0,Put,0.0,0.0,-0.0,-0.0,0.0,-0.0
27850.0,Call,0.0,0.0,-0.0,0.0,-0.0,0.0
27900.0,Put,51.0,55.0,-1088440.9492869643,308.57454828619166,1588015.0551340089,2562241.434406113
30650.0,Put,0.0,0.0,-0.0,-0.0,0.0,-0.0
30700.0,Put,0.0,0.0,-0.0,-0.0,0.0,-0.0
30600.0,Call,16.0,17.0,-243092.05258958874,-85.9084083001283,-238106.99365723925,-548233.2987660882
29810.0,Call,106.0,197.0,-8049386.151969274,-1572.395162740719,-8760886.714440122,-7581206.374914739
29780.0,Put,0.0,0.0,-0.0,-0.0,0.0,-0.0
29770.0,Put,0.0,0.0,-0.0,-0.0,0.0,-0.0
30050.0,Put,0.0,0.0,-0.0,-0.0,0.0,-0.0
30200.0,Call,37.0,14.0,-1061949.5149315717,-332.0348786256887,-906199.8088139658,-1691295.3679090203
30125.0,Call,15.0,15.0,-503901.74346311553,-151.31405274098998,-424367.7138361051,-739550.7454182876
28250.0,Put,15.0,14.0,-532479.5190572131,127.37896549743849,758439.070428986,924345.4181083177
28325.0,Call,4.0,4.0,-160641.46389000575,36.15444558267783,-2107104.8677215264,257982.03644464727
28175.0,Call,0.0,0.0,-0.0,0.0,-0.0,0.0
28225.0,Call,4.0,8.0,-136773.04575620758,33.1886716541443,-2145159.847815204,243753.19329796897
29925.0,Put,0.0,0.0,-0.0,-0.0,0.0,-0.0
28300.0,Call,0.0,0.0,-0.0,0.0,-0.0,0.0
29650.0,Call,15.0,21.0,-1509381.896738426,-208.10537180378148,-1980440.3907688432,-1015666.18718649
29600.0,Call,120.0,162.0,-12903971.129534673,-1551.4171712076609,-18000905.02017191,-7594626.262153587
27900.0,Call,0.0,0.0,-0.0,0.0,-0.0,0.0
27940.0,Call,0.0,0.0,-0.0,0.0,-0.0,0.0
28130.0,Put,3.0,9.0,-89639.03433075559,22.756768754876667,129917.10332371859,174509.08868249357
28170.0,Call,0.0,0.0,-0.0,0.0,-0.0,0.0
28180.0,Call,0.0,0.0,-0.0,0.0,-0.0,0.0
28240.0,Call,0.0,0.0,-0.0,0.0,-0.0,0.0
28320.0,Call,0.0,0.0,-0.0,0.0,-0.0,0.0
28380.0,Put,11.0,1.0,-481296.2092549363,103.85284869833468,702381.1233933566,725597.8703054697
28600.0,Put,104.0,113.0,-6395568.837213105,1159.2876870731257,9141563.159757504,7193687.326225099
28650.0,Put,27.0,37.0,-1799359.3562372227,308.37120350239627,2584938.267213566,1867801.420169537
28650.0,Call,10.0,0.0,-666429.391198973,114.21155685274502,-4893413.922447386,692579.7830083965
28660.0,Call,0.0,0.0,-0.0,0.0,-0.0,0.0
28860.0,Call,0.0,0.0,-0.0,0.0,-0.0,0.0
28890.0,Put,1474.0,1512.0,-142925463.53409958,16536.88453794481,217926491.54913104,89095596.50071031
28910.0,Put,19.0,18.0,-1893056.2343130987,208.2433522240487,2923901.879871595,1114790.700727807
29130.0,Call,3.0,2.0,-368745.000128478,15.096406524904538,-1049013.802237859,77854.06875757998
29140.0,Call,20.0,19.0,-2470695.006765739,92.97637559527888,-6909457.357291745,479253.16209858836
29230.0,Put,1.0,3.0,-127605.06833928468,0.9888008213934081,278177.39044922614,5007.390519537715
29270.0,Call,24.0,37.0,-3078587.8341864794,-17.42303226172001,-6945671.069563163,-87647.87822252796
29460.0,Put,0.0,0.0,-0.0,-0.0,0.0,-0.0
29490.0,Put,0.0,0.0,-0.0,-0.0,0.0,-0.0
29660.0,Call,1.0,1.0,-99174.43135140893,-14.023279729478835,-128589.78796006078,-68406.24025916005
29670.0,Put,0.0,0.0,-0.0,-0.0,0.0,-0.0
29680.0,Put,0.0,0.0,-0.0,-0.0,0.0,-0.0
29730.0,Put,0.0,0.0,-0.0,-0.0,0.0,-0.0
29760.0,Put,0.0,0.0,-0.0,-0.0,0.0,-0.0
29920.0,Call,2.0,8.0,-119220.1855106098,-27.421659959906528,-119788.80022216335,-134270.94478662498
29930.0,Put,0.0,0.0,-0.0,-0.0,0.0,-0.0
29930.0,Call,57.0,133.0,-3320900.9807842476,-773.4899546481337,-3318453.0545542184,-3795744.4220111617
29940.0,Put,0.0,0.0,-0.0,-0.0,0.0,-0.0
29940.0,Call,10.0,10.0,-569056.8385211607,-134.28179965451204,-564920.527783728,-659942.6343122666
29960.0,Put,0.0,0.0,-0.0,-0.0,0.0,-0.0
29960.0,Call,10.0,10.0,-541735.8779969785,-131.36587514635946,-529336.1962862322,-646356.9589006902
30000.0,Put,1.0,0.0,-49440.45070617605,-12.499339345122614,537421.1595077346,-62376.93608206155
30100.0,Put,0.0,0.0,-0.0,-0.0,0.0,-0.0
30175.0,Put,1.0,0.0,-29857.75503081517,-9.272452973814827,559983.3467456913,-46386.67118954267
30275.0,Put,0.0,0.0,-0.0,-0.0,0.0,-0.0
30375.0,Put,0.0,0.0,-0.0,-0.0,0.0,-0.0
30425.0,Put,0.0,0.0,-0.0,-0.0,0.0,-0.0
30350.0,Put,0.0,0.0,-0.0,-0.0,0.0,-0.0
30350.0,Call,26.0,3.0,-593188.5553308568,-193.17780223127147,-546442.406748387,-1092826.2645002143
27860.0,Put,3.0,3.0,-61023.043768510724,17.491496184293,90021.22260737378,147977.30822355335
27830.0,Call,0.0,0.0,-0.0,0.0,-0.0,0.0
27840.0,Put,23.0,23.0,-457507.6261659831,131.73100750622697,679551.040482018,1125644.3060717452
27840.0,Call,0.0,0.0,-0.0,0.0,-0.0,0.0
27860.0,Call,0.0,0.0,-0.0,0.0,-0.0,0.0
27920.0,Call,0.0,0.0,-0.0,0.0,-0.0,0.0
27930.0,Put,4.0,4.0,-88774.2418098466,24.911431534721103,128792.43151436975,204257.44330973498
27920.0,Put,3.0,3.0,-65698.59925595768,18.502712551228228,95468.20858544868,152328.3068168973
27940.0,Put,5.0,5.0,-112490.04015136143,31.446349647677657,162980.63891475642,256829.79172159728
28010.0,Call,0.0,0.0,-0.0,0.0,-0.0,0.0
28040.0,Call,0.0,0.0,-0.0,0.0,-0.0,0.0
28040.0,Put,3.0,3.0,-78293.75286136474,20.856311426732322,113378.15140569062,164874.57435354413
28060.0,Put,8.0,8.0,-215353.92768622653,56.73039463168312,312324.7854106866,445874.2909532365
28220.0,Put,1.0,1.0,-33952.71020667469,8.258033787284417,48500.215595666305,60727.73479734628
28220.0,Call,0.0,0.0,-0.0,0.0,-0.0,0.0
28230.0,Put,0.0,0.0,-0.0,0.0,0.0,0.0
28230.0,Call,0.0,0.0,-0.0,0.0,-0.0,0.0
28320.0,Put,8.0,8.0,-318720.750744541,72.0216376013274,462254.25015590683,514011.7910630239
28530.0,Call,0.0,0.0,-0.0,0.0,-0.0,0.0
28520.0,Call,0.0,0.0,-0.0,0.0,-0.0,0.0
28560.0,Put,3.0,3.0,-173074.62963491565,32.59819817666021,247619.98765876365,206690.58572716048
28540.0,Call,0.0,0.0,-0.0,0.0,-0.0,0.0
28610.0,Call,0.0,0.0,-0.0,0.0,-0.0,0.0
28640.0,Put,3.0,3.0,-196738.50788316067,34.10512851705651,282411.2551166907,207632.231340743
28710.0,Put,104.0,104.0,-7641591.548894118,1222.769227931178,10953159.296602484,7139279.627656557
28720.0,Call,4.0,0.0,-298706.43157790246,47.157968207369734,-1911586.7033994594,274224.39886278944
28740.0,Call,0.0,0.0,-0.0,0.0,-0.0,0.0
28770.0,Call,11.0,6.0,-889921.136664953,130.37562002655213,-5144331.244695363,739964.9019968045
28820.0,Call,0.0,0.0,-0.0,0.0,-0.0,0.0
28810.0,Put,8.0,12.0,-689056.9548568268,94.26074687836686,1012659.4117810886,524649.9962182087
28810.0,Call,5.0,0.0,-430660.59678552207,58.91296679898191,-2292487.1005667183,328306.9872573341
28840.0,Put,6.0,5.0,-540886.065665751,69.83378654227087,804732.5704207424,383817.64491752686
28840.0,Call,8.0,18.0,-721181.4208876581,93.11171538969043,-3607662.0121267852,512398.0432835473
28830.0,Call,0.0,0.0,-0.0,0.0,-0.0,0.0
29040.0,Put,10.0,2.0,-1150734.442323129,80.65576620080137,1993624.259244893,420034.16179032216
29030.0,Call,3.0,3.0,-342314.804309787,25.101986549409684,-1168773.9496330179,131080.84294672977
29030.0,Put,10.0,2.0,-1141049.3476992685,83.67328849802875,1954885.3004163825,436134.66391385876
29160.0,Put,17.0,17.0,-2121646.7610299685,65.87202521712362,4216327.705141408,337460.6360264601
29160.0,Call,5.0,7.0,-624013.7532440773,19.37412506385783,-1685302.8490647476,99653.86786402034
29260.0,Call,10.0,7.0,-1281953.4363315555,-2.9488470155354927,-2937885.4195748433,-14603.381053671063
29330.0,Put,25.0,60.0,-3209703.3145776624,-83.43852733147105,8054191.89032855,-421646.3505109958
29370.0,Call,7.0,13.0,-892380.8740453613,-35.44677192053867,-1716601.374085249,-177414.76226930268
29570.0,Call,20.0,25.0,-2226669.4498431133,-244.10150537057316,-3227864.7313416116,-1197673.0257710898
29670.0,Call,3.0,3.0,-293218.32138660643,-42.536324138835866,-375194.0386409862,-207185.49372180222
30525.0,Put,0.0,0.0,-0.0,-0.0,0.0,-0.0
30525.0,Call,0.0,0.0,-0.0,-0.0,-0.0,-0.0
30575.0,Put,0.0,0.0,-0.0,-0.0,0.0,-0.0
28570.0,Put,2.0,6.0,-117237.84945047402,21.869609119971205,167768.98380704605,137971.65873448306
28540.0,Put,6.0,6.0,-335288.0484266785,64.36816267416691,479304.2193194781,412070.65030222246
28210.0,Put,10.0,0.0,-334788.19881419366,81.80325608771325,479304.15419454925,604673.9240929915
28080.0,Put,13.0,3.0,-360800.99817523203,94.00565374581362,523749.0921198849,734246.3714873396
29570.0,Put,0.0,0.0,-0.0,-0.0,0.0,-0.0
30475.0,Put,0.0,0.0,-0.0,-0.0,0.0,-0.0
30425.0,Call,2.0,0.0,-40697.70116253474,-13.543044119740713,-38569.23227786069,-80037.30894662016
29760.0,Call,28.0,33.0,-2349191.299680349,-416.4989452387374,-2704703.2661806424,-2015484.2504413389
29660.0,Put,6.0,20.0,-595046.5881084334,-84.13967837686302,2738940.351755418,-410918.32910008635
29640.0,Call,13.0,38.0,-1327096.1333515695,-178.40112878042848,-1760694.9331695063,-870618.378047645
29610.0,Put,1.0,0.0,-106260.70627209927,-13.163643776802768,438898.84475794557,-64412.00932939897
29590.0,Call,60.0,66.0,-6527050.002307089,-761.114617604991,-9230911.335233223,-3731351.068790893
29530.0,Put,0.0,0.0,-0.0,-0.0,0.0,-0.0
28860.0,Put,6.0,5.0,-557385.3553820477,69.0784514340526,836038.9110944659,376299.66283817205
28000.0,Call,1.0,1.0,-24541.732832222806,6.678282122903903,-549619.9541360921,53501.25715492529
28640.0,Call,1.0,1.0,-65579.5026277201,11.368376172351473,-490942.7615470707,69290.89170443726
28620.0,Put,11.0,15.0,-698552.4139873491,123.93349300218449,999913.9691182957,761478.3125957302
28260.0,Call,0.0,0.0,-0.0,0.0,-0.0,0.0
30375.0,Call,2.0,1.0,-43932.764622345996,-14.408255244766625,-40887.49949067737,-82759.49583311276
29840.0,Put,0.0,0.0,-0.0,-0.0,0.0,-0.0
28630.0,Put,0.0,0.0,-0.0,0.0,0.0,0.0
28620.0,Call,0.0,0.0,-0.0,0.0,-0.0,0.0
28280.0,Put,5.0,7.0,-186449.77659908799,43.58283893306974,267290.584905294,313816.63836851506
29210.0,Put,14.0,55.0,-1778055.2582476968,25.64900928023497,3772828.483170883,130586.8080402205
28440.0,Put,15.0,0.0,-719216.164360268,148.45232277273615,1047706.9731925619,1008941.3032935364
27970.0,Put,5.0,5.0,-117370.69585628042,32.398843026349766,169638.50280449953,261729.43915659373
27890.0,Call,0.0,0.0,-0.0,0.0,-0.0,0.0
27870.0,Call,0.0,0.0,-0.0,0.0,-0.0,0.0
30080.0,Put,0.0,0.0,-0.0,-0.0,0.0,-0.0
29790.0,Call,21.0,213.0,-1661737.3539365754,-312.56684558619565,-1849613.4457046166,-1509354.9819653786
29410.0,Call,11.0,3.0,-1379145.2799945464,-73.63733952433367,-2506936.8150521484,-368018.6696263822
29210.0,Call,6.0,13.0,-762023.6821061538,10.99243254867206,-1893552.5867283319,56446.66241951918
29070.0,Call,4.0,3.0,-472847.8274358926,28.653413002343893,-1496744.6725846063,148555.00214461554
28770.0,Put,3.0,6.0,-242705.76454498316,35.5569872799663,352240.1093864849,201568.1658629191
28760.0,Call,1.0,0.0,-79628.07051200872,11.852890820383031,-469826.7164980905,67588.05481697546
28760.0,Put,5.0,6.0,-398140.3525600402,59.26445410191292,576265.6504394448,337539.534463925
27990.0,Put,2.0,2.0,-48351.97158685984,13.222673255573882,69854.95361406657,106107.223933187
27980.0,Call,0.0,0.0,-0.0,0.0,-0.0,0.0
27970.0,Call,0.0,0.0,-0.0,0.0,-0.0,0.0
27910.0,Put,1.0,2.0,-21615.747738503327,6.108438461025253,31469.44159618089,50501.31964441565
27880.0,Put,1.0,2.0,-20823.366331253957,5.93812958015207,30534.77829863898,49757.36144368777
30070.0,Call,6.0,6.0,-246100.9903407867,-67.76810995833736,-224977.1764213792,-338788.2417288166
29810.0,Put,1.0,1.0,-75937.60520725779,-14.833916629628948,502429.9719214405,-71600.9627818766
29080.0,Put,2.0,2.0,-238411.4799083704,13.686259669287393,429642.52922080434,70648.51542302113
28340.0,Call,0.0,0.0,-0.0,0.0,-0.0,0.0
28340.0,Put,12.0,1.0,-493512.9078901056,109.762075371648,718194.2490193415,778582.4041304319
28330.0,Put,2.0,2.0,-80962.77593568013,18.14918803067603,117644.22529008385,129149.92925571807
28010.0,Put,9.0,6.0,-224253.94621138493,60.713162261325955,324120.8267948389,484168.10180002527
27990.0,Call,0.0,0.0,-0.0,0.0,-0.0,0.0
27890.0,Put,4.0,4.0,-84311.82888196285,23.974843768624346,123305.14658955952,199968.4772625314
27880.0,Call,0.0,0.0,-0.0,0.0,-0.0,0.0
30150.0,Put,1.0,0.0,-31077.93096080637,-9.585808113235544,559367.3559697637,-46981.21028401633
29950.0,Call,22.0,40.0,-1221800.8032161156,-292.25984923996157,-1203546.5666479063,-1437353.6010820963
30275.0,Call,13.0,14.0,-332276.05111234944,-106.01582347710166,-295491.8168411398,-570723.068874473
30550.0,Put,0.0,0.0,-0.0,-0.0,0.0,-0.0
30575.0,Call,32.0,0.0,-509113.2158427795,-178.13715465750113,-498142.7429560991,-1127261.0328855594
29860.0,Put,0.0,0.0,-0.0,-0.0,0.0,-0.0
29860.0,Call,4.0,3.0,-272417.981368481,-57.91505571398425,-282665.601803487,-279404.56840546924
29870.0,Put,0.0,0.0,-0.0,-0.0,0.0,-0.0
30030.0,Put,0.0,0.0,-0.0,-0.0,0.0,-0.0
29680.0,Call,15.0,5.0,-1444613.6787547462,-215.06054690212727,-1821990.24561883,-1045043.6493672167
29690.0,Put,0.0,0.0,-0.0,-0.0,0.0,-0.0
29710.0,Put,2.0,4.0,-183459.9868400928,-29.25996717870815,946634.2905795046,-142140.81731528614
29710.0,Call,11.0,11.0,-1009029.9276205,-160.9298194828855,-1229389.714258532,-780892.8680679777
29720.0,Put,0.0,0.0,-0.0,-0.0,0.0,-0.0
29010.0,Call,5.0,11.0,-559417.953720675,44.533479200302324,-1985101.306992196,233463.43595394547
28890.0,Call,3.0,3.0,-290893.0736786287,33.65715984656339,-1311698.5121816767,181574.76500875066
28910.0,Call,1.0,2.0,-99634.53864805713,10.960176432844474,-431190.2739611535,58753.34269933719
28940.0,Put,20.0,9.0,-2068347.560810011,208.9076855129299,3273415.9385271086,1110992.4943720505
28940.0,Call,16.0,1.0,-1654678.0486480005,167.12614841034153,-6742544.7945539085,890076.3622846731
29010.0,Put,14.0,35.0,-1566370.2704178756,124.69374176084398,2632834.192625524,652575.5497323831
28660.0,Put,0.0,0.0,-0.0,0.0,0.0,0.0
28670.0,Put,4.0,4.0,-275318.37642931676,46.122969857628114,395670.0104620843,276255.82407027326
28670.0,Call,0.0,0.0,-0.0,0.0,-0.0,0.0
28680.0,Put,2.0,4.0,-139911.75777394997,23.175180204236238,200997.6358601608,137967.95185098363
28680.0,Call,0.0,0.0,-0.0,0.0,-0.0,0.0
28380.0,Call,0.0,0.0,-0.0,0.0,-0.0,0.0
28290.0,Put,1.0,1.0,-37927.33376999014,8.788136805512458,54567.1617638663,63167.8342361144
28290.0,Call,0.0,0.0,-0.0,0.0,-0.0,0.0
28280.0,Call,0.0,0.0,-0.0,0.0,-0.0,0.0
28180.0,Put,1.0,0.0,-32092.677284726597,7.952103598093929,46215.346419080444,59654.33745868272
28240.0,Put,3.0,2.0,-104882.42253334496,25.242439426780457,149422.41684823035,183910.6369384815
28120.0,Put,7.0,7.0,-206141.98243105452,52.59765373842501,298988.229947434,404950.5073114156
28120.0,Call,0.0,0.0,-0.0,0.0,-0.0,0.0
